f_0	f_1	f_2	f_3	f_4	f_5	f_6	f_7	tgt
31	22	39	57	68	55	6	83	52.24006413876073
6	1	94	66	66	12	3	53	46.031776616671934
8	35	33	16	4	72	55	82	16.333630301529773
21	3	8	43	26	87	85	0	21.22243631670354
56	97	11	45	35	98	67	4	69.55163576111042
8	67	45	31	35	3	78	93	28.95121232828177
43	53	52	47	80	77	67	58	70.10526280045276
37	25	96	12	86	60	52	41	62.909914381358966
38	22	46	40	6	69	63	79	42.229756041061535
85	51	97	92	95	75	98	95	123.97114321588427
94	2	32	87	73	17	25	58	59.05391102696046
14	22	62	29	43	91	99	6	35.57938380460162
14	17	71	2	70	32	91	4	36.69304092210926
89	5	35	57	71	88	25	17	64.49331855225937
93	14	92	12	33	28	74	71	77.7697337405011
32	76	86	5	49	81	65	92	55.800354699863576
57	26	50	12	30	28	5	1	55.97254027244935
48	43	21	17	45	87	55	62	52.928220485615306
66	31	88	92	80	36	78	22	97.74771391695639
49	98	41	62	84	35	47	33	82.43217453131898
45	24	61	64	25	28	28	79	58.96988242381381
65	93	96	52	29	32	7	50	94.46283216951005
46	88	20	31	56	36	96	86	62.69545460153569
69	33	86	21	16	90	25	86	73.26377523970302
97	84	65	77	93	12	43	45	133.18743437591215
44	2	6	51	21	17	41	78	25.267788140279368
18	51	85	62	35	9	71	47	50.62447738689313
81	69	79	5	48	5	28	95	95.22562292119963
20	54	87	16	55	39	44	72	47.62933274092988
4	75	83	59	55	14	42	36	42.864586672229066
92	24	65	67	99	34	93	69	105.42731517757488
28	97	40	62	45	69	70	91	55.0758178805552
49	91	6	61	85	67	4	74	74.7135280550806
67	7	25	55	80	0	81	70	59.8645166585098
66	11	25	7	78	89	45	50	54.8007677772016
39	14	32	52	6	45	8	63	39.122791568597236
86	84	98	41	41	6	29	83	112.41360161163342
75	88	52	84	18	20	14	97	98.1295455459821
10	67	33	95	53	27	41	65	44.639015410352215
86	49	77	17	13	24	88	62	88.68679569336412
87	88	59	94	79	89	79	39	124.50227283333922
14	89	75	96	84	94	50	67	63.599467076924746
51	53	72	60	61	38	99	76	79.2876372749556
32	34	95	31	62	16	70	99	60.354227593532244
46	68	76	34	58	80	32	23	72.55377984229479
59	48	53	65	9	47	4	94	71.3234795177054
53	59	30	25	97	90	17	56	73.80005235955426
0	94	4	15	7	2	13	51	5.2
25	62	15	77	47	98	63	81	48.51567363195766
93	36	83	92	31	11	43	84	108.36307317518258
9	21	55	7	79	69	25	35	33.763876416044965
79	33	45	27	26	96	67	42	75.31649628893535
24	35	71	20	51	26	76	7	45.60089090458933
45	16	54	53	9	99	21	59	48.698920096505944
68	11	6	8	34	12	54	29	43.394730437116806
85	40	69	43	67	50	31	57	98.93072513397324
1	60	22	95	91	60	95	27	42.42217477283466
47	55	74	65	32	87	84	29	72.03830589291042
53	98	56	99	48	34	21	20	89.30827041142666
25	26	51	32	11	73	71	22	35.27918433002164
86	1	48	54	14	47	54	29	35.12213150563106
78	33	26	99	85	76	97	2	97.01122418401212
94	21	48	60	45	21	11	63	88.71159812313634
25	26	15	61	0	94	1	84	31.679184330021645
2	65	64	41	27	10	69	95	28.07586189681057
56	75	48	8	79	43	98	86	75.5042134112069
12	40	92	43	68	44	97	93	49.51257296009034
74	46	10	47	23	11	70	73	72.98218450530887
68	89	37	11	6	86	82	70	71.99741151649161
5	3	9	31	1	22	9	87	9.58629436111989
23	51	49	27	57	84	66	2	44.77572110547457
2	75	31	76	47	12	73	50	32.532293336114535
0	70	69	65	70	58	26	35	40.8
97	42	86	49	30	27	15	79	105.9672822444551
82	17	79	28	1	19	17	27	69.0020968294971
39	93	79	32	47	50	3	51	67.03769930170603
4	63	19	92	1	71	63	56	25.727106466687736
42	11	34	42	60	58	31	0	48.0732158582192
79	68	39	55	90	75	35	58	103.69888277263672
45	42	89	24	10	25	21	8	58.45080104124206
43	25	15	8	39	92	99	85	40.41963022698475
75	60	23	56	36	95	15	77	84.66310796259967
3	34	83	22	16	78	16	15	26.333208836893647
36	35	34	72	20	43	21	40	51.00133635688399
49	55	76	73	52	59	5	47	79.64844656920447
94	8	80	46	79	86	85	93	82.30782205392093
85	90	45	24	17	14	30	22	93.88461161078644
47	42	99	96	9	53	46	77	76.15528108751948
76	18	81	39	57	78	59	96	80.15547248332989
54	65	65	94	27	77	55	87	82.44827121388539
32	93	72	79	47	23	70	82	68.67708660652802
36	4	72	59	23	42	90	77	42.38795296952552
39	37	65	10	62	72	69	98	55.773172045865806
45	21	14	67	1	29	70	95	44.21938208022485
28	31	48	32	49	16	51	83	45.20812105567847
65	70	62	45	9	91	80	32	78.6148384015371
82	98	93	92	43	15	70	89	120.95996554220729
82	5	75	17	24	76	41	88	52.58485529534009
22	89	57	73	4	42	53	3	46.59916254945317
86	55	38	35	50	79	6	51	93.83604908064459
5	36	92	31	73	51	6	84	42.81091791264423
7	61	53	34	23	17	66	19	27.777988139063126
69	86	12	66	97	9	72	75	96.62953203743325
26	34	14	60	20	1	66	61	37.28780991974495
58	54	58	63	76	5	67	87	85.88506494869667
84	98	74	71	7	77	95	34	107.59801348226111
2	47	21	15	44	99	27	54	17.548480404363154
36	94	41	22	6	55	7	4	46.58791361952389
77	33	2	58	7	98	73	28	67.70595207908889
96	45	50	37	63	91	9	38	103.50991481259061
18	93	61	66	15	28	80	80	44.755861216172015
5	56	38	43	58	96	80	87	31.84305126783455
75	14	43	44	48	96	84	45	67.62075301653314
85	52	93	32	0	96	13	95	92.49496253038608
87	77	35	48	21	39	73	39	96.6067335843989
95	12	78	48	25	82	87	20	78.9340377917692
36	79	30	77	38	42	48	26	60.550591769651945
85	93	6	69	43	69	8	66	100.83601129859007
32	26	77	77	54	77	8	55	62.69335594242771
17	8	35	65	16	74	84	78	30.670563562943148
65	4	86	61	16	84	17	79	53.52269286164331
72	92	71	94	78	58	94	32	113.8694327014069
7	78	79	37	76	27	44	44	44.51722699345383
20	81	42	27	91	34	68	56	49.62687698905701
35	34	8	62	0	54	81	51	38.88743643042589
47	86	8	74	81	72	13	22	74.57953631535308
74	36	60	35	24	60	1	97	77.24158510713451
3	24	16	21	48	63	50	48	18.93132549492092
69	60	22	86	93	79	84	50	96.9300593255917
88	72	5	39	57	15	20	21	95.71208616421168
21	27	9	13	79	70	74	45	34.19525894273586
66	77	13	84	46	68	54	51	86.10855651230261
14	50	6	9	50	27	54	29	24.009111771628113
27	9	63	50	1	46	91	77	35.23395950216785
59	52	58	30	80	58	54	86	80.44944457991504
89	44	65	39	50	22	80	82	98.55859231791169
87	34	61	63	69	30	60	77	100.4630562699158
50	65	42	14	53	60	48	93	63.69654742026425
48	1	96	52	39	59	28	2	44.054212933375474
38	57	39	48	44	96	39	68	57.05936688015279
80	43	74	94	68	99	73	94	107.74703414269217
50	34	41	82	23	4	43	82	64.75348061489413
99	6	26	90	65	2	92	85	74.72902095129521
38	97	22	62	98	59	83	88	71.24575283789635
15	17	53	21	16	35	96	93	26.671115273688496
25	77	97	21	35	76	64	58	52.383544133447955
22	34	96	34	51	32	32	94	51.84353147055342
5	64	35	43	21	60	38	80	23.974387269895637
56	8	94	1	27	55	44	77	49.00891526616566
16	73	81	75	44	72	62	11	53.773008298253345
7	67	79	88	4	15	8	90	40.10731078724655
25	13	90	74	61	94	76	55	58.195286648076284
13	96	30	58	72	98	16	74	43.8942485441088
81	36	55	53	1	34	61	33	80.29687018483644
25	7	90	90	71	71	67	99	60.597207708399175
43	95	56	27	99	84	18	51	75.65339444662338
17	62	42	59	6	13	89	73	35.486658069731206
79	96	22	53	74	50	85	49	102.08043346035345
75	54	13	65	69	69	11	29	89.50999777848708
36	58	18	15	63	99	12	16	48.55826959612118
20	13	42	32	84	6	53	51	42.15622931846103
42	90	39	37	31	36	62	48	59.29121985474153
21	29	24	46	33	92	79	47	34.88502900298106
3	33	29	95	52	73	8	7	37.3158163147697
19	83	21	48	18	35	94	58	34.23710383560459
98	71	3	39	75	61	88	84	107.22265593271467
43	81	60	22	22	99	52	5	58.69778552647258
43	86	16	11	95	83	70	30	62.80680982042942
97	72	19	34	4	8	60	87	94.63491315827879
53	43	84	19	58	20	4	42	72.31241011953357
39	13	54	51	39	12	81	46	49.38464717099902
63	15	96	35	59	21	82	70	72.93461790022124
59	88	96	45	77	91	72	26	96.56590916283925
60	18	72	76	12	45	32	50	67.33326774999728
83	74	0	43	70	48	84	79	94.27030268470274
87	33	26	44	48	12	72	14	84.95867312832121
12	78	4	72	15	56	2	80	28.68667484592085
47	77	99	36	82	33	4	61	84.35306297088216
59	89	94	63	86	18	31	38	101.69775410989713
90	84	76	18	64	80	46	66	111.5677226168257
38	77	80	40	89	42	70	74	74.91098708284089
44	58	23	35	67	6	2	92	60.88232950637033
12	40	77	34	99	70	83	85	50.91257296009034
87	87	91	11	40	80	78	49	106.3056605719208
30	64	72	97	64	75	23	23	71.64632361937382
7	93	70	44	9	25	16	97	30.960612695178007
78	7	28	17	88	41	69	14	59.039288050205435
53	61	36	79	71	67	80	47	80.94762448147796
46	14	35	17	82	10	93	91	51.71406185014033
69	8	94	40	39	18	87	34	64.92169916723984
93	2	52	98	25	82	58	32	55.43418856922684
50	76	83	9	4	25	20	0	62.638054218536844
37	39	45	44	25	31	18	47	50.09770796044313
78	70	13	19	94	87	55	26	91.69780608184452
72	99	78	60	14	8	25	28	96.71445067822853
81	65	35	23	78	96	44	66	95.07240682082809
63	26	80	65	91	20	64	18	88.72754451165454
25	56	21	68	36	42	58	70	45.215256339172754
99	80	8	94	48	8	98	78	117.01009326251429
56	3	28	54	89	61	68	81	49.72649684454277
19	42	74	42	98	71	22	50	57.092560439635534
49	75	2	64	36	21	21	81	62.841186734806044
79	19	44	69	38	71	14	60	77.53256992215306
25	6	76	34	69	82	98	2	45.529550745276566
75	89	18	26	93	70	45	61	94.89714505495398
87	83	42	20	97	68	81	12	108.89621229987365
96	43	6	73	65	64	66	29	101.4564409712306
0	4	65	72	54	58	57	21	38.2
55	53	17	84	59	92	45	55	75.87882451220702
52	5	94	90	83	78	17	56	72.03429847997177
82	55	0	48	69	88	72	99	89.41576772805645
38	26	33	61	95	31	35	41	62.848360181632906
74	27	0	24	71	43	33	92	68.31662675059302
74	4	14	86	27	44	89	1	49.21968110402469
68	87	13	57	56	67	16	22	86.09178067690361
69	15	87	12	72	77	43	55	72.46172436690898
62	18	13	86	65	60	11	27	69.31104334166386
83	43	84	17	72	91	40	61	97.41754792304313
11	18	79	39	74	36	16	97	44.87776575416617
68	11	61	0	56	37	98	98	57.1947304371168
62	4	31	23	38	71	78	33	38.35703011418284
97	98	59	54	77	5	2	18	127.14532509261103
43	11	70	90	51	56	59	64	63.570197188176806
47	92	83	41	16	13	73	11	70.6064352356406
26	76	40	28	64	14	15	73	48.98778819363916
77	55	31	61	14	24	19	2	83.1904160373213
8	97	42	68	65	83	8	28	42.33594796587291
28	7	91	28	78	3	40	36	51.04487263340708
19	12	42	52	35	24	67	13	35.54680755835384
50	15	38	50	16	56	68	49	48.52588722239781
20	42	44	26	89	92	24	84	46.84480046277425
61	45	21	90	45	59	34	30	77.90942503716697
73	14	42	58	67	92	55	74	72.93753293609227
15	23	8	23	33	79	45	93	22.334161491043837
13	57	65	2	93	4	38	8	42.55715182742069
9	36	91	90	66	7	40	72	55.8996522427596
3	74	81	23	71	33	48	29	37.590492868121785
9	62	8	10	86	95	78	22	28.257642507504762
67	71	64	84	83	20	52	83	103.50732599481515
70	29	93	96	93	78	37	83	104.01676334327017
99	98	31	97	42	90	43	34	124.9833730326649
48	81	63	17	23	39	91	59	62.90450477373683
20	95	31	72	42	59	11	14	47.257392765871344
69	68	81	38	9	94	65	73	84.03066976344219
19	30	38	7	21	10	65	55	26.249151377043553
32	14	70	48	77	33	18	26	56.331521287054144
15	82	98	15	59	78	23	43	47.656521823389795
93	64	97	44	23	95	90	90	110.44360322005885
63	52	8	82	62	33	77	6	80.42567811075673
84	17	69	30	71	69	47	72	82.55824553265556
67	25	40	63	79	17	72	85	80.05849360948787
90	65	7	69	5	4	87	58	91.61378535647565
52	64	2	23	92	49	99	68	66.81362760691462
2	48	14	68	95	27	79	98	36.956728119244254
12	31	94	97	23	31	13	82	51.11776616671934
83	16	68	61	19	66	31	25	76.63134151133319
54	82	38	8	88	36	12	80	74.52347856420326
94	74	81	27	32	24	6	12	109.16877653448265
69	80	65	10	88	8	36	17	93.24339833447966
75	98	1	27	75	71	26	45	89.52679775201884
42	12	60	36	88	41	88	51	58.345574602676905
87	1	61	17	52	72	87	15	38.06076094174305
30	67	71	38	90	40	83	90	65.11704623105665
65	1	50	56	66	2	8	95	43.41091334727929
96	39	5	14	74	23	3	43	89.42648551898758
87	57	40	55	32	19	35	18	96.0517083835077
84	37	90	77	76	69	78	31	109.71144748340328
71	84	69	77	76	24	92	48	107.4856478421625
60	2	56	82	61	46	10	33	52.983347464017314
83	41	12	61	17	10	18	93	80.04531566350391
84	27	95	40	6	5	89	84	84.18103577094342
28	73	86	66	17	86	49	18	57.902764521943354
48	1	99	83	92	56	98	97	61.45421293337547
74	33	86	43	39	4	62	83	85.79013576431919
16	57	3	20	96	29	49	62	36.79341763374854
74	57	70	56	70	83	51	82	99.294556556087
66	9	82	90	60	95	83	39	76.79412322752141
24	88	45	92	28	75	46	51	54.54545457471427
5	38	28	18	3	22	48	15	13.463561646129648
30	20	94	9	51	33	23	94	49.06713462634054
35	77	82	64	12	96	19	63	62.09696178682714
75	68	88	14	50	57	50	83	93.9115975689589
42	7	38	67	54	97	34	90	49.267308950110625
33	40	94	87	86	14	65	78	77.90957564024843
81	45	72	47	3	97	64	66	86.42399062312333
78	60	22	10	23	4	81	80	75.12963228110365
2	44	16	7	54	91	12	23	16.92266499590813
32	77	83	50	9	64	35	28	56.282936490813384
65	63	24	18	86	5	45	77	79.66548008367573
70	16	22	90	98	14	60	57	81.66498681678702
46	63	90	41	74	95	56	88	79.26172436690896
16	58	98	12	30	52	3	93	41.0481198204983
10	11	90	79	44	25	1	21	47.569813299576005
14	13	62	28	24	17	19	26	30.18936052292272
89	27	57	18	62	52	25	18	86.71324028111863
0	6	40	12	71	1	71	49	24.6
46	1	70	62	68	95	23	60	46.376954061151494
88	71	85	64	64	75	38	73	117.86932369468259
33	78	47	83	35	68	13	4	61.83835582628235
2	14	45	98	29	81	6	7	35.48322008044089
90	1	69	80	58	83	14	10	53.87664925007901
70	19	12	22	3	67	61	37	49.34025182975587
23	58	89	5	26	54	29	66	42.756672241966314
54	35	57	79	85	90	48	63	82.90200453532599
38	94	24	47	99	18	15	99	68.60946437616411
86	52	91	63	97	1	14	92	118.48902091309651
91	98	79	60	70	48	62	12	125.43118127244952
86	57	63	52	51	99	70	9	103.03961978139841
42	32	35	77	82	78	2	37	68.17066351631843
76	87	57	83	17	72	48	0	99.45551958006874
14	26	95	96	4	56	3	86	48.22834322481212
53	28	30	74	69	56	42	51	70.29333579785663
1	1	78	56	15	12	22	87	29.938629436111988
83	53	23	73	33	21	49	25	92.01713517296696
45	32	26	31	42	49	66	39	51.26856805319833
3	70	34	97	0	33	22	54	28.75760792622479
56	36	61	36	15	17	90	25	62.8422806216153
96	30	15	11	49	35	69	45	80.93255432611481
3	63	64	49	23	96	24	1	29.695329850015803
52	54	30	48	41	68	40	42	65.4762651264177
19	49	49	0	34	64	93	80	31.465687420626956
12	3	79	76	25	34	81	72	39.32710646668774
31	86	42	94	54	97	4	11	65.68863033565842
81	7	88	34	93	18	91	21	76.68695297521334
92	28	32	39	34	90	74	14	82.95824327175112
53	43	45	40	51	25	7	79	67.31241011953357
25	6	22	74	89	44	0	31	46.72955074527657
50	37	30	42	19	0	14	7	54.57586159726386
21	19	54	95	65	5	53	30	55.382075548926764
38	71	74	98	7	33	16	89	68.30266250452203
27	20	71	87	66	44	5	80	61.24042116370648
76	2	9	62	72	9	22	80	45.298906787755264
92	84	63	61	79	18	33	62	122.34478311942182
80	1	23	53	22	55	4	34	30.690354888959128
87	94	52	44	38	34	16	48	106.03745791384941
60	81	14	59	95	29	58	97	86.48063096717104
17	6	18	92	28	89	82	38	34.21609450678807
77	64	13	69	78	71	27	93	96.2855639563928
48	13	56	71	46	75	38	16	59.934950364306474
85	4	12	16	59	62	50	16	44.7604445113797
96	80	75	71	21	63	51	80	117.77342376971083
90	50	1	9	40	12	13	44	80.77286138903786
30	0	91	55	62	48	24	67	41.6
12	27	52	78	44	75	48	40	42.797290824420486
61	87	12	35	50	99	98	7	74.02350913663413
97	14	88	36	49	36	76	70	87.13617390138288
99	25	52	40	28	48	88	57	88.51031145282535
40	41	39	99	49	50	51	6	67.30135694626695
91	40	0	1	45	39	13	73	76.7870116140184
76	65	97	44	26	24	54	45	97.08275207880166
52	84	34	1	43	69	69	13	61.80357306749929
30	0	85	91	93	5	74	32	53.8
84	15	94	57	19	30	30	49	80.57949053362833
70	0	48	27	94	72	58	86	33.8
33	89	21	88	86	29	74	50	68.69874382417974
26	38	16	1	22	93	34	79	26.850520559874163
91	80	94	69	59	90	49	14	124.3789746150384
90	60	31	68	78	33	11	74	109.3957295551196
62	63	63	26	80	43	95	61	85.37015023365993
76	18	93	98	59	48	6	99	94.7554724833299
35	51	23	24	52	56	30	21	47.45870603006999
98	50	44	42	56	28	36	51	105.4637824013968
26	40	72	41	89	1	16	75	59.710574746862406
47	0	88	88	22	34	95	94	39.6
51	15	34	16	82	92	22	48	54.680404966845764
99	18	62	29	30	85	51	44	82.49989178749551
66	37	18	39	34	4	67	74	66.21613730838828
15	88	92	50	37	79	99	89	49.26590910919642
18	95	30	42	46	96	59	64	40.03165348928421
19	76	86	38	3	16	65	90	41.906460603044
67	14	6	13	94	15	76	97	58.88787269476961
71	83	93	80	38	28	30	29	105.11759854357506
40	85	4	46	28	14	45	89	51.23477837002806
97	26	42	85	40	40	56	49	97.33923520048398
41	34	25	33	63	14	60	12	53.35385410421319
25	14	0	38	46	63	40	38	30.34025100551105
36	37	21	3	55	61	27	92	41.99062035002997
68	0	52	13	12	98	84	67	15.4
1	9	63	74	1	63	47	91	28.06051701859881
70	52	73	98	91	89	87	43	107.98408678972972
91	94	83	24	71	13	59	8	118.48055942712986
78	97	69	49	17	49	89	44	98.52549266726092
5	87	62	44	21	39	56	36	29.877336814478205
50	47	87	63	55	7	90	73	79.71201010907892
45	40	18	14	34	50	82	15	46.622148600338775
8	79	53	38	15	12	9	65	28.21124261547821
67	69	6	56	92	75	32	36	87.72983624346142
49	73	83	89	16	1	52	49	79.77983791340087
81	78	0	13	53	11	4	82	83.98505520996575
79	43	59	89	68	40	17	91	102.99019621590851
28	27	14	42	82	35	74	79	46.26034525698115
93	69	88	80	67	28	29	9	126.02201150211809
38	8	41	34	82	20	37	97	48.09890678775527
48	52	18	22	39	12	49	98	53.91480237010037
15	57	63	87	8	44	66	28	43.78132903163926
0	84	26	97	93	98	42	79	43.2
91	69	29	26	13	30	45	48	90.92261340529834
85	19	96	43	82	35	57	83	95.12744865041785
55	92	21	39	7	13	24	44	63.25859442468582
46	15	15	84	68	81	40	83	58.90781624460599
91	74	71	66	55	40	78	53	116.97828366636085
67	95	0	28	46	98	25	32	75.962265765669
69	9	16	39	96	39	25	11	61.97567428331784
67	13	89	90	56	17	44	27	82.36336821684446
94	62	88	64	27	15	36	18	113.69093285616081
32	94	14	56	5	8	86	61	44.144812106243464
47	9	71	12	52	14	21	24	48.64429987414403
95	53	7	99	37	66	3	84	104.39069688472122
64	74	96	10	47	55	1	1	85.86384785326477
54	55	10	82	95	83	19	79	80.87379825993962
70	56	36	40	79	17	48	46	87.6027177496837
11	91	68	77	82	74	44	71	55.34793486950789
19	70	16	99	75	93	66	28	54.198183532757
50	43	25	1	99	48	17	42	62.84189633918261
2	27	85	6	73	10	95	88	34.13288180407008
97	78	5	56	39	7	94	6	104.76728833786021
65	46	73	29	7	61	71	52	71.85191882223076
51	56	81	89	90	30	27	96	93.23912293191242
10	25	66	69	97	59	23	74	52.916193076042966
48	50	79	15	72	62	32	82	70.94552607415353
75	67	6	94	62	88	15	25	95.6926155776416
71	17	37	99	14	28	38	86	71.04327896212553
98	78	49	70	32	78	37	35	115.84117790835361
58	73	44	63	74	0	57	26	86.12715508116837
77	62	6	83	91	19	4	18	99.8042747864296
43	57	38	56	80	2	49	78	69.71980989069921
21	39	59	27	14	63	56	87	35.49329370727853
98	83	99	24	47	7	51	94	120.84400925732893
16	55	41	99	58	62	83	54	52.481125410352476
92	42	61	7	67	74	47	83	96.20608212876155
57	67	44	40	56	1	53	74	76.10238783900762
58	96	64	33	88	38	28	74	90.06664735063924
30	15	25	83	96	69	59	31	57.43553233343869
46	14	28	73	93	60	29	66	63.71406185014033
29	27	63	69	70	31	88	31	59.726786159016186
67	33	6	53	74	60	30	22	73.85323102985657
41	48	33	18	86	66	89	81	59.31292644450714
37	70	91	78	24	55	87	10	70.14383109010573
75	65	39	46	71	71	21	3	94.04482113039639
39	32	73	3	30	83	55	27	48.472758979438545
75	2	65	20	97	53	19	29	52.879184330021644
11	71	16	74	94	71	34	62	46.208665461835324
22	34	79	86	15	30	83	97	51.64353147055342
52	70	0	13	52	65	96	84	57.33187072122969
61	7	69	19	20	65	38	20	46.969186808494
44	14	80	21	28	46	71	54	49.63084176969945
63	77	13	35	24	10	60	43	69.29453121628885
18	90	19	38	39	32	84	19	35.43909422346066
79	44	64	76	41	70	79	78	96.34526733837104
90	39	50	36	33	39	8	69	90.19983017405085
41	25	29	84	17	26	18	40	52.71639161177616
37	72	22	19	9	92	79	78	41.749399864498095
96	98	60	74	76	68	57	91	130.22630112258412
81	57	42	54	79	14	28	35	100.77917677085199
30	36	59	42	69	5	77	16	55.66550747586534
13	18	8	69	66	82	62	6	36.25554134583275
85	77	93	37	66	30	38	91	113.26405005372305
52	81	26	35	70	16	59	60	72.02988017154823
29	87	82	61	97	9	90	54	73.96855352397361
67	68	32	45	24	51	61	92	76.93702716160328
49	40	39	23	15	30	91	67	51.79300625370222
54	18	69	48	24	78	20	39	59.99994097499755
29	73	36	95	57	80	45	24	62.563577540584184
97	84	35	60	44	18	83	39	113.98743437591216
58	50	1	65	25	78	70	45	63.809177339602186
11	74	33	39	90	98	6	76	41.89847384977988
92	99	90	30	1	27	63	13	108.93513142218089
29	21	59	54	91	67	89	34	58.72804622947823
66	82	16	12	1	99	83	18	64.1286960229151
47	43	61	18	93	51	37	42	69.97138255883165
87	62	64	54	11	3	19	37	97.89054423921267
36	34	93	3	9	67	66	19	46.59850604272378
96	33	85	71	43	38	7	43	107.50612207263029
36	36	60	65	70	67	18	5	64.99860897103841
62	64	71	41	61	18	31	9	86.36240214670589
77	53	1	9	79	97	36	85	79.23035431708982
62	33	68	52	50	79	22	17	77.7268705052404
24	18	79	17	15	38	79	26	36.33330709999891
96	73	56	96	5	31	46	55	114.03804978952007
77	94	76	29	89	35	96	83	108.92970413064832
77	14	50	11	9	66	79	57	55.703973096974025
46	47	62	75	50	26	52	20	73.0150493003526
64	58	11	76	29	11	94	64	75.39247928199322
13	83	18	68	59	58	53	37	40.52012367699261
30	56	89	67	65	33	55	40	68.4583076070073
15	76	13	25	8	81	19	6	22.23141626556105
10	1	36	43	93	83	16	78	35.786294361119886
88	86	77	17	29	27	42	49	103.19998288832066
52	77	75	44	40	0	54	29	77.10977179757177
46	60	11	91	3	16	43	59	58.82003955039447
86	87	88	2	3	87	72	74	95.61019320902516
85	55	47	73	30	99	98	91	98.43097874249754
66	89	17	98	59	77	42	22	94.1974876483595
65	32	33	87	78	86	5	69	85.05459829906424
16	52	87	46	79	85	76	46	55.10493412336679
97	66	83	27	5	10	37	18	104.57103681618473
35	48	19	36	33	75	23	98	44.842742086774386
27	37	49	36	39	65	44	55	44.442965262522485
69	89	42	30	49	76	3	28	86.29737345055766
37	12	96	15	27	97	20	59	46.58062524521537
28	57	53	81	9	30	23	47	51.33848085905995
57	80	10	17	47	9	31	10	64.89672036326581
5	31	30	71	69	68	63	2	37.46573590279972
2	91	60	83	81	25	91	32	46.608715430819615
71	83	48	13	10	38	8	24	77.11759854357504
89	10	55	3	37	78	21	24	61.682535855811
58	37	69	61	44	85	41	98	76.99599945282607
10	65	47	26	35	80	64	10	29.979309484052852
46	61	54	97	65	89	78	29	81.16963634241485
66	60	76	68	40	81	60	32	91.06353500708771
5	91	53	19	97	52	61	22	38.32178857704904
19	68	8	52	30	79	16	47	34.089604717469584
6	63	64	64	98	80	3	99	50.19065970003161
75	50	97	7	55	51	28	1	90.77738449086488
20	51	55	6	10	46	67	65	30.00497487432571
71	91	69	22	30	94	9	48	88.40939779409638
22	53	15	2	76	86	31	41	36.151529804882806
68	21	54	85	96	2	18	14	89.03817736567309
84	4	72	3	29	89	84	17	47.838556928892885
63	39	7	22	72	77	51	14	66.67988112183559
92	82	42	82	61	79	46	24	118.30666718345742
38	6	13	32	30	37	13	51	29.78891713282038
81	37	67	69	13	19	45	1	88.72889578756744
65	64	17	79	87	11	88	85	90.86703450864329
81	65	4	8	90	66	43	67	88.27240682082808
15	83	39	76	24	55	1	23	41.09245039652994
28	90	35	10	78	53	34	80	49.86081323649436
69	75	49	33	27	53	31	22	81.56412009595137
5	79	33	17	61	69	97	79	26.582026634673884
53	40	10	75	82	47	64	94	72.76386390706566
96	21	23	90	90	81	15	41	99.94801510447967
57	70	69	0	87	9	37	78	79.794550598271
92	48	44	82	0	52	52	14	96.80949348523554
61	98	32	11	30	20	43	66	70.660462171642
98	53	69	7	36	30	94	42	100.58408731265978
21	81	21	75	56	94	75	93	48.90822083850986
92	84	60	57	57	62	57	8	116.54478311942182
29	5	69	16	65	0	80	53	40.39220492152272
96	77	49	37	18	88	84	83	104.44880947244016
6	60	86	30	34	65	35	23	34.93304863700797
76	23	55	60	17	17	47	30	74.70641822128877
91	48	38	67	84	27	86	26	108.63112942561341
13	34	60	29	19	50	81	26	30.843904959872475
27	58	84	73	82	44	10	39	69.81870219709089
51	45	17	37	49	5	7	26	59.65214224418877
84	63	85	55	22	90	34	53	102.26923580044249
8	0	25	74	11	80	52	1	22.0
50	16	53	9	35	2	77	49	47.73213344056216
63	32	88	30	73	98	36	33	82.25599527447766
76	36	86	45	48	29	50	77	90.68595227219221
62	54	63	79	33	68	88	85	84.69093149688265
64	62	49	5	47	31	40	90	73.23212449781161
87	40	2	25	56	39	48	32	81.21615396065496
95	67	0	86	55	54	41	77	108.37064639834603
33	21	81	91	0	20	10	59	54.80088019216489
99	71	50	28	58	87	84	28	111.87798915651788
12	13	92	4	85	63	70	99	42.533737591076616
54	44	94	26	51	85	93	51	75.31195488951946
70	56	34	56	64	64	31	6	87.4027177496837
82	15	8	17	18	88	40	60	54.07045504473241
60	76	6	3	0	28	14	99	53.92566506224421
94	11	89	5	29	6	20	90	71.3162450160144
74	8	69	46	96	30	73	43	74.71892374457605
87	48	55	35	98	24	82	58	105.31767318712491
62	64	81	39	24	27	14	10	80.56240214670589
38	24	90	47	87	34	17	82	69.26345626899833
59	0	62	21	72	43	62	85	31.0
58	2	9	50	20	72	36	79	28.543902548550072
35	56	55	60	49	54	39	62	61.10135887484184
84	12	25	64	12	17	84	91	63.29114920535382
42	84	18	94	26	70	66	48	64.91827055451866
66	20	34	48	14	11	75	60	59.387696177949195
49	38	47	75	38	98	20	52	67.90290413207053
21	76	97	21	31	71	82	34	48.04398277178548
22	20	2	91	7	37	71	9	33.39589872598306
81	24	67	18	5	79	57	78	70.14578836286485
42	11	17	89	22	20	43	59	46.473215858219206
90	57	12	6	13	23	91	92	79.28797418983554
24	77	71	90	43	68	70	36	61.71220236811005
17	70	16	70	49	35	3	86	41.493111581940475
63	93	70	25	5	51	35	80	77.24551425660205
66	10	39	94	43	45	82	33	66.85221760093849
5	39	34	35	7	58	4	14	18.888879454113937
53	58	7	50	81	50	85	81	70.82189690540062
59	15	86	60	78	77	30	60	77.51654692242941
42	90	11	2	70	10	31	65	54.49121985474153
50	85	54	35	14	66	75	55	65.14347296253507
23	80	22	39	96	59	98	74	51.61446611149322
23	4	49	83	2	59	60	13	34.20341439719686
29	81	47	18	31	7	32	15	44.75897163413267
42	53	90	98	20	66	87	60	75.1074659911399
10	46	77	12	46	78	84	96	34.70029520342011
65	16	55	6	31	59	76	36	55.23177347273081
29	78	74	68	26	84	69	2	58.942797544308725
3	81	7	85	6	55	70	31	22.244031548358553
37	24	32	71	88	7	0	2	62.019681104024684
66	36	36	56	40	92	38	99	74.06411644690377
44	70	44	30	6	48	15	46	53.51158291796357
42	44	99	1	82	33	45	91	68.37596491407069
80	11	31	42	26	74	44	21	59.558506396608
36	59	49	32	46	9	15	20	54.87928084799912
75	21	41	20	28	81	19	59	64.16563680037474
60	99	69	51	80	68	16	34	95.26204223185711
58	0	56	65	46	71	74	50	33.4
64	2	30	11	25	79	18	73	27.26223729495181
97	19	50	20	32	86	92	33	78.51720610694743
90	47	57	59	46	89	69	66	102.08161819634203
21	27	58	96	91	16	2	49	62.99525894273586
13	29	81	57	73	90	75	18	51.043113192321606
36	65	15	66	74	74	84	21	61.16551414259027
49	67	23	57	74	78	93	23	72.15117551072585
65	70	60	53	64	58	16	26	90.8148384015371
63	81	31	49	54	56	94	34	82.32466251552958
36	82	11	76	66	60	19	7	62.415652376135505
33	79	71	76	65	63	72	76	71.32137578884762
41	48	34	2	64	33	63	22	51.912926444507136
95	91	82	23	30	28	54	18	112.91398296393177
83	33	40	39	19	58	91	41	78.13758470862828
41	51	96	74	60	5	39	78	78.4001984923677
48	88	53	8	79	99	65	70	71.09090914942854
24	3	35	85	67	77	68	73	44.054212933375474
56	61	12	67	7	94	83	24	63.42390511250503
48	15	14	5	35	10	59	79	37.4168517335019
3	23	71	11	62	36	4	61	30.70683229820877
35	97	46	15	58	3	8	64	55.894772350694005
31	1	44	54	71	7	72	59	38.097512519471664
29	25	74	88	70	13	89	96	65.29695992052459
33	88	93	89	49	8	39	48	75.82500004023213
95	25	40	25	52	28	75	14	85.30383422240816
55	77	95	8	18	13	50	34	72.12379709358551
80	73	38	19	1	73	25	52	80.46504149126672
7	71	72	86	9	82	51	96	39.387332566622476
0	57	93	71	7	8	95	0	34.2
18	10	23	47	79	84	35	51	38.43242298207414
21	9	86	21	63	12	9	85	43.670857390574994
90	76	74	96	50	86	57	27	122.18849759336631
34	88	68	95	77	34	4	83	78.52272731417854
7	30	48	26	80	80	83	67	35.60758208627921
7	24	27	15	35	5	5	32	19.90642615481548
48	23	45	80	19	93	20	76	59.309316771340285
47	91	92	47	89	35	31	39	88.10481262426097
18	12	58	42	84	8	11	80	46.03381768686153
47	9	37	5	83	18	84	46	46.64429987414403
10	39	59	41	93	25	20	81	45.97775890822787
98	84	24	79	58	33	93	40	119.27596462721021
29	16	14	66	33	47	13	76	39.03263739552606
10	45	12	72	99	89	16	59	44.25728279297819
24	20	86	15	62	68	81	22	47.21370770107243
47	64	3	7	33	17	97	28	47.839240337018985
84	62	89	16	54	27	65	36	101.40466340337774
45	74	4	56	82	62	19	67	67.25739302182679
87	21	68	12	57	11	58	53	81.1841386884347
0	65	74	13	51	27	87	60	27.6
42	21	96	55	23	69	25	46	60.76475660820986
92	16	51	30	75	18	38	53	83.33112553063438
5	54	27	40	7	53	15	8	18.807333185232473
57	1	79	25	77	59	82	16	44.101877858383375
20	79	45	73	11	70	7	64	43.32810653869552
6	50	53	98	82	67	15	3	51.31819075926919
95	55	22	79	58	72	79	31	108.28168212396785
97	54	11	49	48	57	34	10	99.34226379350994
26	96	34	88	68	38	16	33	61.788497088217596
17	38	94	26	66	3	80	52	49.6561095968408
71	79	67	53	15	28	3	4	89.2247782123691
34	42	19	17	33	6	64	43	39.37616078671623
96	32	28	52	47	47	58	30	92.53294518015642
21	30	8	75	36	20	43	32	38.22274625883762
94	72	17	58	79	82	43	85	111.46063749358976
79	92	77	29	30	42	22	81	98.81507199182144
75	67	31	15	58	36	60	72	84.09261557764161
79	46	38	53	59	54	70	45	90.83233210701891
97	88	83	40	14	77	35	58	114.4795455728035
83	73	31	25	15	6	27	54	85.64748054718923
41	88	97	27	66	11	5	45	74.80681823180355
57	67	63	82	52	33	12	32	87.50238783900762
32	89	32	78	7	61	98	31	52.19878189011369
41	93	61	27	80	62	91	93	70.85501721461404
61	49	62	98	59	81	43	30	91.52668066622338
68	10	56	84	88	18	13	23	78.21137571005784
23	25	22	78	16	64	55	89	38.18724407489882
56	98	76	51	67	84	95	94	90.2653423215074
4	10	34	47	79	10	5	39	33.9183162182387
26	95	33	96	48	56	94	23	59.13461059563275
24	57	57	66	85	62	81	73	61.09012645062281
70	87	45	48	26	76	32	76	86.4827154026949
57	84	27	84	76	5	31	5	88.0462243239896
9	13	11	31	47	8	80	43	22.550303193307464
46	57	68	68	65	53	29	17	77.55607569702707
17	42	48	88	35	28	59	24	46.98808039335811
66	50	51	11	49	6	67	57	74.1000983519611
30	26	2	60	64	85	52	95	44.97502119602598
53	13	51	93	62	83	51	28	69.17400769392174
70	20	11	41	81	20	34	31	69.22331412812792
47	48	5	27	75	71	77	81	57.98311080223989
76	56	7	76	20	27	21	91	82.05437927108517
97	35	33	13	14	36	10	80	81.52026740604853
66	38	88	80	60	4	22	72	93.95901372891133
14	32	51	37	14	0	6	57	30.190221172106146
49	75	96	98	76	56	43	35	96.44118673480605
33	85	30	97	8	92	62	11	56.398692155273146
50	93	48	3	32	47	5	59	62.032947822700045
58	73	63	8	83	19	26	20	80.72715508116838
11	3	8	47	49	12	64	80	23.84984759446376
36	9	37	61	60	53	19	32	48.178612669557126
56	79	73	19	42	31	62	38	75.87869830834748
93	86	20	19	82	93	59	57	107.26589100697524
75	82	83	62	51	70	80	70	105.48260911694896
46	16	62	21	34	54	3	61	49.46556276531719
28	41	34	60	36	3	48	93	46.93094986238687
32	65	49	73	16	76	81	18	54.41379034896912
83	22	87	1	72	43	30	16	84.04920398442388
33	44	66	94	21	0	74	18	61.323972432484105
72	89	89	39	4	32	44	90	91.19725925275581
89	81	21	91	70	53	79	80	114.83960260130371
93	41	25	71	1	88	57	53	88.92065490007066
31	23	33	19	64	98	70	47	42.90393374815726
96	40	74	79	16	80	92	79	105.1005836807227
60	71	10	22	50	14	1	5	67.71999342819267
49	6	91	82	68	69	77	85	67.26991946074207
44	74	63	15	44	17	22	83	62.39389539911953
70	2	8	32	97	61	45	72	42.78057204135354
80	4	90	15	31	9	25	15	52.951006598945604
8	12	74	33	6	72	88	57	26.703918971938457
85	82	32	22	17	89	0	17	89.32029033254217
4	42	62	9	77	2	8	90	32.60896009255485
1	8	45	29	60	59	16	24	27.239444915467242
83	75	33	52	52	60	93	69	99.2901734487531
16	90	9	8	71	63	95	65	32.03475042085392
96	65	23	62	95	65	61	69	116.44137104690735
91	0	2	82	38	37	90	43	24.4
0	47	46	9	69	70	92	7	24.8
52	5	31	28	45	72	80	53	39.43429847997177
44	28	91	98	35	52	68	54	74.43220330388097
54	17	49	77	42	81	1	71	64.81601498527857
47	57	68	27	34	11	7	25	63.96816429913633
33	51	10	47	48	15	36	57	47.07820854263743
27	13	74	67	91	95	34	84	60.65090957992239
73	54	86	48	63	9	11	84	97.90706450439407
1	24	73	46	90	9	74	3	42.443775164973644
85	76	11	85	78	75	11	89	108.64469217151263
98	83	95	68	78	80	81	21	135.04400925732892
22	70	70	94	53	48	4	36	62.15579145898179
54	69	41	1	16	12	18	39	57.483748614133084
62	33	12	49	55	17	80	30	66.9268705052404
81	77	31	64	15	13	76	78	92.57868299237138
27	91	92	93	92	94	95	99	79.81765831606482
46	8	5	44	87	92	16	38	47.41446611149322
75	79	69	50	85	1	57	48	106.53039952010822
35	21	43	64	85	22	82	29	60.037297173508215
59	25	63	66	52	60	58	78	74.64553914865348
95	42	48	78	53	16	45	83	107.26280219817768
14	9	95	13	71	76	59	79	42.24723826038333
9	87	64	46	14	55	56	55	32.859206266060774
32	43	4	65	68	72	27	77	51.61881365707687
8	41	32	10	70	31	26	84	28.38027138925339
36	66	50	54	83	29	10	48	67.67378685961496
80	13	34	9	62	53	22	65	63.22491727384413
80	92	61	1	38	55	50	52	92.5215918904521
33	15	56	10	40	72	42	34	39.499085566782554
21	21	32	75	10	25	3	47	36.38237830410493
20	71	85	26	99	6	12	36	59.106664476064225
12	57	3	57	2	57	41	57	22.145063225311407
98	74	57	65	20	8	71	0	113.02276702531167
95	34	41	28	42	94	18	43	89.75161316829886
41	60	0	18	71	63	24	53	51.50916568622115
32	54	0	66	64	13	43	17	51.64693238548782
63	97	99	79	96	55	27	83	112.57059023124921
13	86	62	45	68	66	59	99	46.61136110850192
25	75	75	43	6	94	89	64	46.45366670143166
10	0	88	85	61	15	51	93	46.8
32	24	3	92	43	74	60	75	48.200805279156484
45	89	2	26	8	42	90	25	47.69828703297238
52	24	40	17	82	33	5	16	61.276308578629276
51	67	42	7	38	71	47	32	60.438978592796296
55	2	11	82	79	17	35	98	46.48473517534921
7	47	37	14	16	62	91	16	18.81968141527105
6	62	9	44	77	28	98	84	30.97176167166984
3	72	80	19	47	28	61	38	31.774275664689036
83	56	89	35	28	38	70	54	97.51465104605353
98	34	27	55	64	5	65	31	98.8848220051925
47	30	66	19	5	72	26	4	50.279479722160374
90	74	81	32	70	50	22	68	114.31478604365357
22	67	41	66	3	67	48	90	40.56583390277487
53	52	29	13	96	14	87	72	69.68509428365249
36	59	62	81	75	93	98	87	73.07928084799912
71	89	64	18	24	24	51	39	85.09729731868977
83	91	26	35	62	74	55	5	99.66169037901406
10	42	35	58	21	5	81	87	30.322400231387128
25	9	96	65	15	83	95	50	46.712925464970226
64	17	45	8	50	43	74	55	57.59675850107091
57	19	33	70	19	9	78	34	58.55134791851549
66	96	54	42	23	72	84	1	84.18618491624466
98	80	61	65	20	98	93	6	115.3312034315798
20	39	55	88	81	76	13	66	59.55551781645575
60	8	6	81	97	9	36	5	63.16669492803463
30	83	93	88	92	82	84	78	81.18490079305988
85	26	85	90	85	75	16	52	108.0292267220736
61	57	52	30	72	8	5	98	80.33740472866631
19	3	99	50	14	43	49	92	37.86791857225559
71	9	95	77	98	75	43	31	86.69670832051546
31	9	79	58	90	99	24	41	59.67602757656308
87	44	50	85	87	43	73	76	110.63592732200354
84	91	46	32	43	90	66	59	100.16604809442387
94	96	99	25	15	42	12	56	113.80456639586359
2	63	5	68	96	38	40	70	35.463553233343866
11	13	43	76	66	7	11	21	42.80592612515357
84	67	91	78	33	81	0	26	111.28772944695861
54	87	3	92	25	79	99	69	72.35523759636463
66	40	4	73	49	5	0	25	74.21915128049686
21	64	65	55	8	23	29	28	43.13242653356168
86	34	64	81	58	14	81	92	101.7519866576179
58	30	5	87	45	4	52	28	67.2342515720277
35	46	45	42	17	45	45	38	47.75103321197041
69	11	81	36	17	20	86	90	61.091711767074415
99	87	46	68	93	44	59	0	130.05126892666848
15	93	65	97	69	16	34	91	59.82988434681001
45	48	6	37	12	24	90	14	46.02638268299564
28	68	69	92	75	56	4	30	70.91099642574466
12	80	41	55	43	81	30	44	38.34667797121385
51	40	24	37	2	32	93	80	50.47843508038394
64	41	89	36	64	30	20	33	85.64217111402711
85	71	85	5	23	10	13	94	95.30332402327295
85	72	90	88	94	11	91	46	127.33781049952263
73	66	30	45	73	79	48	72	90.98851224310809
31	69	75	21	9	38	51	7	47.340670500706025
56	94	62	45	89	82	5	39	90.20342118592605
26	74	20	98	60	1	55	47	58.05093819038882
36	76	17	69	50	23	42	68	58.47539903734653
95	9	44	72	59	24	44	76	78.74911676688687
51	37	14	22	51	74	70	41	54.50337882920913
51	50	34	87	1	92	15	55	64.50462145378813
36	57	2	94	11	85	21	44	50.63518967593422
23	59	19	4	13	66	35	21	26.03398498622166
29	49	15	55	83	46	51	6	53.28973343148325
88	31	77	61	10	40	17	15	90.59695188927519
67	84	70	29	35	58	64	57	86.33152683697024
83	57	49	28	29	43	51	60	88.60335397507056
2	26	23	31	1	16	8	13	12.318334746401732
87	70	55	95	39	73	94	79	111.97062986051887
9	81	82	25	86	13	2	1	46.53209464507565
16	16	99	51	84	71	76	8	55.86628270097989
28	7	87	91	91	0	68	90	65.44487263340707
39	92	83	26	95	38	6	4	76.1542760465954
40	21	37	69	73	59	76	35	60.528339626866526
44	57	37	59	76	29	2	78	70.13189849280849
79	99	49	25	21	0	54	22	91.76168893861185
43	87	95	6	83	32	89	11	75.30509660451257
82	0	6	8	79	62	1	24	18.6
23	8	74	99	76	55	16	28	59.90723305574661
63	22	64	21	68	72	69	14	70.10722712070728
47	32	20	26	33	25	96	48	48.667171077784914
86	54	69	15	75	41	33	30	100.7261307859985
29	17	95	55	37	28	7	60	54.16415619579775
23	56	46	66	26	93	70	73	46.19803583203893
59	86	37	24	32	28	99	80	71.2977158001241
9	80	80	40	57	51	83	40	43.31000847841039
41	36	8	68	59	81	17	67	56.60952688368263
87	85	91	78	45	60	72	74	120.30564295481103
15	95	9	4	89	61	11	21	34.09304457440351
98	89	19	70	12	75	67	99	108.39626953847319
11	10	86	74	59	22	53	0	49.075369600156414
60	6	21	29	25	42	60	60	38.35092178866376
39	15	26	36	91	42	27	8	52.2261920334703
22	61	94	15	19	97	0	60	43.75939129419841
87	17	30	14	88	69	62	34	76.69246858739326
68	53	65	24	52	74	20	94	82.45018303327413
28	35	78	76	88	61	93	14	68.46770605535421
86	29	90	27	4	52	96	55	82.70059496458907
20	97	54	7	24	80	29	72	35.33986991468229
48	53	94	62	73	40	9	43	84.09424684701703
26	24	66	7	8	45	39	45	32.93815428931464
72	36	9	3	98	48	78	16	73.99721794207683
41	52	55	60	34	71	72	84	62.3563936911274
1	85	5	21	12	57	4	98	8.490869459250701
97	65	6	5	89	96	0	47	101.27930199531265
15	30	21	30	55	6	33	0	31.50196161345544
98	28	26	91	30	16	21	53	95.3989982677349
6	59	28	24	85	32	5	18	32.31321347466652
92	11	20	46	78	87	57	93	74.52228235609921
58	59	32	77	69	42	43	35	83.09439692177637
38	58	65	93	33	11	31	91	69.18928457368347
1	48	29	96	25	88	56	13	30.778364059622124
61	17	4	65	84	57	33	57	65.86253544633321
72	39	47	93	30	26	38	94	87.11986413924068
59	6	67	70	38	32	24	97	57.961739758852694
35	30	63	16	35	68	98	44	46.837910431396026
44	89	53	74	58	14	81	5	76.59832509890633
31	50	5	23	55	54	83	80	40.977318922890824
22	70	11	66	10	24	20	17	36.15579145898179
82	22	12	82	57	4	48	90	81.62210514123805
63	87	34	98	59	8	53	68	94.6144438624254
8	90	25	99	19	8	8	94	35.81737521042696
27	44	51	61	44	93	54	84	51.75597744475972
14	85	25	28	85	89	75	69	40.07217242950982
6	75	9	52	24	41	96	55	22.196880008343598
51	70	96	6	29	34	24	4	69.67933474582142
50	24	72	71	94	25	93	25	79.58875824868201
39	94	22	37	6	77	23	60	48.52023975448422
61	19	6	80	65	83	86	65	66.7479337373587
45	67	29	6	7	38	82	39	46.37556934658496
21	96	82	15	1	21	23	0	38.81378610971421
77	51	42	30	7	77	79	22	76.64915326615399
74	24	36	44	85	45	21	9	80.63936220804938
69	25	65	68	46	14	14	81	80.76173222469644
38	49	43	86	79	44	74	44	71.3313748412539
27	13	25	64	28	0	14	80	37.65090957992239
24	70	40	31	6	7	9	73	35.86086340979831
33	28	63	17	83	49	5	0	54.82415247791073
92	19	52	74	3	58	71	26	80.92147383339343
33	82	26	12	82	21	63	16	53.16434801145755
91	6	22	79	89	37	37	99	73.4155647128067
61	72	40	5	41	63	32	55	69.54360518201037
42	49	40	85	48	20	77	53	67.46099324559643
42	70	91	93	37	20	51	65	80.00651096714705
82	85	45	92	11	73	72	32	102.65129565855753
85	51	72	34	33	61	44	2	94.97114321588427
23	92	16	93	40	33	46	75	50.649957668504975
87	1	40	38	9	62	16	15	29.460760941743047
85	9	90	74	78	19	13	66	87.54394658089878
53	43	17	2	23	79	30	13	48.51241011953356
21	64	1	45	69	87	41	46	40.532426533561676
97	12	7	97	48	64	0	96	80.16001753475382
30	3	94	20	32	10	80	67	37.51776616671934
38	60	61	61	2	68	49	1	56.04264136771717
89	8	19	53	6	17	60	56	54.71059747658471
79	77	30	59	19	59	0	17	90.43599946169556
46	59	82	86	3	60	10	64	71.86796997244332
10	88	11	93	10	36	61	92	31.77727273946428
92	58	2	87	13	41	48	62	95.42668896786525
46	70	39	39	97	70	62	77	74.2166548687801
62	91	29	34	60	16	99	20	80.6701783554081
73	46	14	10	79	33	18	30	76.81215498496685
73	45	70	9	88	90	72	72	89.29816438874079
69	39	21	2	10	83	69	92	57.50653646677232
56	92	13	40	13	21	47	37	63.96511432331647
94	44	22	94	75	81	99	21	109.765254807682
88	96	47	4	90	7	99	17	108.71491322165953
71	73	41	73	73	4	74	3	98.51772432349921
5	17	62	95	31	39	38	5	40.49037175789616
72	54	37	11	42	28	66	37	75.70559786734758
15	41	67	23	31	71	44	93	35.413008854850105
20	56	39	90	59	74	34	50	53.772205071338206
8	73	59	25	65	29	41	54	36.68650414912667
57	11	74	13	13	90	28	37	48.3279358075832
51	95	97	71	28	69	52	83	85.75635155297194
93	36	64	12	96	93	52	50	101.56307317518257
64	39	90	22	84	82	6	85	86.41765701265838
25	26	90	87	99	43	34	40	71.67918433002164
73	42	76	67	93	69	61	67	102.11352168912602
20	88	77	78	76	12	37	66	64.15454547892855
8	85	76	49	95	72	52	21	51.126955674005615
33	80	39	76	48	7	91	43	61.603364420838105
98	44	73	27	21	65	26	90	98.81058479949827
83	82	13	55	88	99	64	22	104.55275408942353
45	42	67	19	31	32	81	43	57.25080104124206
0	22	61	83	61	45	90	88	41.0
10	61	42	5	50	10	22	61	27.654268770090187
57	15	29	54	56	27	54	49	59.4075114335335
21	90	17	84	36	20	81	47	46.34560992737077
8	42	13	9	42	48	83	71	18.8179201851097
70	92	99	63	38	58	71	16	103.45639290414559
18	87	24	76	73	85	12	64	50.71841253212155
55	16	98	33	87	31	81	81	74.76534678461837
33	94	1	28	88	38	18	73	53.455587484563566
21	21	47	49	81	95	65	38	48.38237830410493
13	38	10	39	43	84	32	35	27.925260279937085
6	22	49	73	69	32	36	3	41.96259305911498
10	0	86	82	94	13	64	79	52.4
78	11	52	23	39	67	32	71	61.564543736692805
68	43	10	6	12	17	5	91	57.06497902128835
47	5	75	78	60	57	62	43	59.442539010743715
85	9	13	70	38	43	21	13	63.34394658089877
90	23	71	56	78	7	74	78	98.20496894626302
40	42	56	50	53	44	55	69	61.88960092554851
47	68	5	23	17	76	15	56	48.800601143214244
65	82	37	31	62	97	44	92	83.44492790135578
61	43	40	37	43	74	65	89	70.16711353380279
47	49	86	21	30	54	22	91	64.17301625102456
82	28	92	95	74	27	11	47	107.42365161177818
24	81	95	3	45	44	22	2	49.75225238686842
68	73	30	85	7	70	34	60	82.93528526757672
34	75	43	9	73	42	65	1	54.44898671394706
34	34	52	77	58	56	20	47	61.57636681812801
71	52	15	19	32	54	46	41	69.57814517244013
78	39	35	83	38	82	72	37	88.74651948417741
8	49	5	61	8	53	95	20	21.059236808685036
12	4	38	39	59	89	72	99	31.062650989841842
93	47	15	66	92	12	94	0	106.60433880288679
89	0	88	46	14	68	60	2	29.6
26	54	73	40	28	82	50	55	49.038132563208855
57	31	31	9	80	9	98	68	63.50938929191689
0	10	82	82	85	77	79	70	49.8
46	78	92	86	84	63	26	44	92.5989202426966
26	14	92	78	78	38	60	58	63.68186104573149
37	61	58	18	89	77	99	79	63.54079444933368
23	8	58	24	71	95	52	51	40.70723305574661
93	92	87	67	40	28	61	0	123.10635057265058
47	47	62	41	57	9	71	16	68.38928950253418
45	11	85	2	24	15	59	13	44.564159848092004
46	30	4	28	38	57	89	68	45.59268228126335
