date	ticker	open	high	low	close	volume	close_sliding	criticalDay	happy
Mon Oct 05 00:00:00 EDT 2009	"GOOG"	487.67	492.43	483.34	488.52	21264	[465.24,468.73,471.37,468.0,466.06,464.75,461.67,455.761,453.01,457.52,461.3,463.97,470.94,472.14,475.12,477.54,488.29,491.72,491.46,497.0,499.06,498.46,496.77,492.48,498.53,498.53,495.85,487.2,484.58,488.52]	16	true
Tue Oct 06 00:00:00 EDT 2009	"GOOG"	492.37	499.37	491.7001	498.74	27329	[468.73,471.37,468.0,466.06,464.75,461.67,455.761,453.01,457.52,461.3,463.97,470.94,472.14,475.12,477.54,488.29,491.72,491.46,497.0,499.06,498.46,496.77,492.48,498.53,498.53,495.85,487.2,484.58,488.52,498.74]	0	true
Wed Oct 07 00:00:00 EDT 2009	"GOOG"	498.97	518.99	497.81	517.54	48776	[471.37,468.0,466.06,464.75,461.67,455.761,453.01,457.52,461.3,463.97,470.94,472.14,475.12,477.54,488.29,491.72,491.46,497.0,499.06,498.46,496.77,492.48,498.53,498.53,495.85,487.2,484.58,488.52,498.74,517.54]	14	true
Thu Oct 08 00:00:00 EDT 2009	"GOOG"	519.58	523.25	513.34	514.18	43065	[468.0,466.06,464.75,461.67,455.761,453.01,457.52,461.3,463.97,470.94,472.14,475.12,477.54,488.29,491.72,491.46,497.0,499.06,498.46,496.77,492.48,498.53,498.53,495.85,487.2,484.58,488.52,498.74,517.54,514.18]	16	true
Fri Oct 09 00:00:00 EDT 2009	"GOOG"	516.435	521.51	514.5	516.25	27398	[466.06,464.75,461.67,455.761,453.01,457.52,461.3,463.97,470.94,472.14,475.12,477.54,488.29,491.72,491.46,497.0,499.06,498.46,496.77,492.48,498.53,498.53,495.85,487.2,484.58,488.52,498.74,517.54,514.18,516.25]	12	true
Mon Oct 12 00:00:00 EDT 2009	"GOOG"	523.0	525.76	519.3201	524.04	33243	[464.75,461.67,455.761,453.01,457.52,461.3,463.97,470.94,472.14,475.12,477.54,488.29,491.72,491.46,497.0,499.06,498.46,496.77,492.48,498.53,498.53,495.85,487.2,484.58,488.52,498.74,517.54,514.18,516.25,524.04]	13	true
Tue Oct 13 00:00:00 EDT 2009	"GOOG"	525.02	527.46	521.38	526.11	30422	[461.67,455.761,453.01,457.52,461.3,463.97,470.94,472.14,475.12,477.54,488.29,491.72,491.46,497.0,499.06,498.46,496.77,492.48,498.53,498.53,495.85,487.2,484.58,488.52,498.74,517.54,514.18,516.25,524.04,526.11]	4	true
Wed Oct 14 00:00:00 EDT 2009	"GOOG"	532.26	535.58	530.0	535.32	32650	[455.761,453.01,457.52,461.3,463.97,470.94,472.14,475.12,477.54,488.29,491.72,491.46,497.0,499.06,498.46,496.77,492.48,498.53,498.53,495.85,487.2,484.58,488.52,498.74,517.54,514.18,516.25,524.04,526.11,535.32]	15	true
Thu Oct 15 00:00:00 EDT 2009	"GOOG"	533.74	536.9	527.27	529.91	61003	[453.01,457.52,461.3,463.97,470.94,472.14,475.12,477.54,488.29,491.72,491.46,497.0,499.06,498.46,496.77,492.48,498.53,498.53,495.85,487.2,484.58,488.52,498.74,517.54,514.18,516.25,524.04,526.11,535.32,529.91]	2	true
Fri Oct 16 00:00:00 EDT 2009	"GOOG"	547.16	554.75	544.53	549.85	88457	[457.52,461.3,463.97,470.94,472.14,475.12,477.54,488.29,491.72,491.46,497.0,499.06,498.46,496.77,492.48,498.53,498.53,495.85,487.2,484.58,488.52,498.74,517.54,514.18,516.25,524.04,526.11,535.32,529.91,549.85]	8	true
Mon Oct 19 00:00:00 EDT 2009	"GOOG"	553.09	553.6	548.73	552.09	32201	[461.3,463.97,470.94,472.14,475.12,477.54,488.29,491.72,491.46,497.0,499.06,498.46,496.77,492.48,498.53,498.53,495.85,487.2,484.58,488.52,498.74,517.54,514.18,516.25,524.04,526.11,535.32,529.91,549.85,552.09]	3	true
Tue Oct 20 00:00:00 EDT 2009	"GOOG"	551.64	552.95	540.7	551.72	40444	[463.97,470.94,472.14,475.12,477.54,488.29,491.72,491.46,497.0,499.06,498.46,496.77,492.48,498.53,498.53,495.85,487.2,484.58,488.52,498.74,517.54,514.18,516.25,524.04,526.11,535.32,529.91,549.85,552.09,551.72]	15	true
Wed Oct 21 00:00:00 EDT 2009	"GOOG"	550.48	559.35	549.0	551.1	36731	[470.94,472.14,475.12,477.54,488.29,491.72,491.46,497.0,499.06,498.46,496.77,492.48,498.53,498.53,495.85,487.2,484.58,488.52,498.74,517.54,514.18,516.25,524.04,526.11,535.32,529.91,549.85,552.09,551.72,551.1]	10	true
Thu Oct 22 00:00:00 EDT 2009	"GOOG"	550.69	555.0	548.0	554.09	23370	[472.14,475.12,477.54,488.29,491.72,491.46,497.0,499.06,498.46,496.77,492.48,498.53,498.53,495.85,487.2,484.58,488.52,498.74,517.54,514.18,516.25,524.04,526.11,535.32,529.91,549.85,552.09,551.72,551.1,554.09]	1	true
Fri Oct 23 00:00:00 EDT 2009	"GOOG"	554.99	557.89	551.2	553.69	23931	[475.12,477.54,488.29,491.72,491.46,497.0,499.06,498.46,496.77,492.48,498.53,498.53,495.85,487.2,484.58,488.52,498.74,517.54,514.18,516.25,524.04,526.11,535.32,529.91,549.85,552.09,551.72,551.1,554.09,553.69]	8	true
Mon Oct 26 00:00:00 EDT 2009	"GOOG"	556.55	561.64	550.89	554.21	29737	[477.54,488.29,491.72,491.46,497.0,499.06,498.46,496.77,492.48,498.53,498.53,495.85,487.2,484.58,488.52,498.74,517.54,514.18,516.25,524.04,526.11,535.32,529.91,549.85,552.09,551.72,551.1,554.09,553.69,554.21]	18	true
Tue Oct 27 00:00:00 EDT 2009	"GOOG"	552.56	554.56	544.16	548.29	32180	[488.29,491.72,491.46,497.0,499.06,498.46,496.77,492.48,498.53,498.53,495.85,487.2,484.58,488.52,498.74,517.54,514.18,516.25,524.04,526.11,535.32,529.91,549.85,552.09,551.72,551.1,554.09,553.69,554.21,548.29]	7	true
Wed Oct 28 00:00:00 EDT 2009	"GOOG"	546.51	550.0	538.25	540.3	25686	[491.72,491.46,497.0,499.06,498.46,496.77,492.48,498.53,498.53,495.85,487.2,484.58,488.52,498.74,517.54,514.18,516.25,524.04,526.11,535.32,529.91,549.85,552.09,551.72,551.1,554.09,553.69,554.21,548.29,540.3]	13	true
Thu Nov 05 00:00:00 EST 2009	"GOOG"	543.94	549.77	542.664	548.65	18480	[491.46,497.0,499.06,498.46,496.77,492.48,498.53,498.53,495.85,487.2,484.58,488.52,498.74,517.54,514.18,516.25,524.04,526.11,535.32,529.91,549.85,552.09,551.72,551.1,554.09,553.69,554.21,548.29,540.3,548.65]	3	true
Fri Nov 06 00:00:00 EST 2009	"GOOG"	547.72	551.78	545.5	551.1	18267	[497.0,499.06,498.46,496.77,492.48,498.53,498.53,495.85,487.2,484.58,488.52,498.74,517.54,514.18,516.25,524.04,526.11,535.32,529.91,549.85,552.09,551.72,551.1,554.09,553.69,554.21,548.29,540.3,548.65,551.1]	7	true
Mon Nov 09 00:00:00 EST 2009	"GOOG"	554.99	562.58	554.23	562.51	26514	[499.06,498.46,496.77,492.48,498.53,498.53,495.85,487.2,484.58,488.52,498.74,517.54,514.18,516.25,524.04,526.11,535.32,529.91,549.85,552.09,551.72,551.1,554.09,553.69,554.21,548.29,540.3,548.65,551.1,562.51]	7	true
Tue Nov 10 00:00:00 EST 2009	"GOOG"	563.39	568.78	562.0	566.76	22314	[498.46,496.77,492.48,498.53,498.53,495.85,487.2,484.58,488.52,498.74,517.54,514.18,516.25,524.04,526.11,535.32,529.91,549.85,552.09,551.72,551.1,554.09,553.69,554.21,548.29,540.3,548.65,551.1,562.51,566.76]	17	true
Wed Nov 11 00:00:00 EST 2009	"GOOG"	570.5	573.5	565.86	570.56	23218	[496.77,492.48,498.53,498.53,495.85,487.2,484.58,488.52,498.74,517.54,514.18,516.25,524.04,526.11,535.32,529.91,549.85,552.09,551.72,551.1,554.09,553.69,554.21,548.29,540.3,548.65,551.1,562.51,566.76,570.56]	19	true
Fri Nov 13 00:00:00 EST 2009	"GOOG"	569.4	572.51	566.61	572.05	16680	[492.48,498.53,498.53,495.85,487.2,484.58,488.52,498.74,517.54,514.18,516.25,524.04,526.11,535.32,529.91,549.85,552.09,551.72,551.1,554.09,553.69,554.21,548.29,540.3,548.65,551.1,562.51,566.76,570.56,572.05]	0	true
Mon Nov 16 00:00:00 EST 2009	"GOOG"	573.58	576.99	572.78	576.28	21991	[498.53,498.53,495.85,487.2,484.58,488.52,498.74,517.54,514.18,516.25,524.04,526.11,535.32,529.91,549.85,552.09,551.72,551.1,554.09,553.69,554.21,548.29,540.3,548.65,551.1,562.51,566.76,570.56,572.05,576.28]	8	true
Tue Nov 17 00:00:00 EST 2009	"GOOG"	574.06	577.5	573.72	577.49	19207	[498.53,495.85,487.2,484.58,488.52,498.74,517.54,514.18,516.25,524.04,526.11,535.32,529.91,549.85,552.09,551.72,551.1,554.09,553.69,554.21,548.29,540.3,548.65,551.1,562.51,566.76,570.56,572.05,576.28,577.49]	17	true
Wed Nov 18 00:00:00 EST 2009	"GOOG"	577.49	578.78	572.07	576.65	15501	[495.85,487.2,484.58,488.52,498.74,517.54,514.18,516.25,524.04,526.11,535.32,529.91,549.85,552.09,551.72,551.1,554.09,553.69,554.21,548.29,540.3,548.65,551.1,562.51,566.76,570.56,572.05,576.28,577.49,576.65]	10	true
Thu Nov 19 00:00:00 EST 2009	"GOOG"	573.89	574.0	570.0	572.99	21683	[487.2,484.58,488.52,498.74,517.54,514.18,516.25,524.04,526.11,535.32,529.91,549.85,552.09,551.72,551.1,554.09,553.69,554.21,548.29,540.3,548.65,551.1,562.51,566.76,570.56,572.05,576.28,577.49,576.65,572.99]	15	true
Fri Nov 20 00:00:00 EST 2009	"GOOG"	569.99	571.6	569.4	569.964	20062	[484.58,488.52,498.74,517.54,514.18,516.25,524.04,526.11,535.32,529.91,549.85,552.09,551.72,551.1,554.09,553.69,554.21,548.29,540.3,548.65,551.1,562.51,566.76,570.56,572.05,576.28,577.49,576.65,572.99,569.964]	14	true
Mon Nov 23 00:00:00 EST 2009	"GOOG"	576.41	586.6	575.86	582.35	25485	[488.52,498.74,517.54,514.18,516.25,524.04,526.11,535.32,529.91,549.85,552.09,551.72,551.1,554.09,553.69,554.21,548.29,540.3,548.65,551.1,562.51,566.76,570.56,572.05,576.28,577.49,576.65,572.99,569.964,582.35]	10	true
Tue Nov 24 00:00:00 EST 2009	"GOOG"	582.5	584.29	576.54	583.09	16086	[498.74,517.54,514.18,516.25,524.04,526.11,535.32,529.91,549.85,552.09,551.72,551.1,554.09,553.69,554.21,548.29,540.3,548.65,551.1,562.51,566.76,570.56,572.05,576.28,577.49,576.65,572.99,569.964,582.35,583.09]	14	true
Wed Nov 25 00:00:00 EST 2009	"GOOG"	586.44	587.0599	582.69	585.74	14614	[517.54,514.18,516.25,524.04,526.11,535.32,529.91,549.85,552.09,551.72,551.1,554.09,553.69,554.21,548.29,540.3,548.65,551.1,562.51,566.76,570.56,572.05,576.28,577.49,576.65,572.99,569.964,582.35,583.09,585.74]	3	true
Fri Nov 27 00:00:00 EST 2009	"GOOG"	571.58	582.46	570.97	579.76	13845	[514.18,516.25,524.04,526.11,535.32,529.91,549.85,552.09,551.72,551.1,554.09,553.69,554.21,548.29,540.3,548.65,551.1,562.51,566.76,570.56,572.05,576.28,577.49,576.65,572.99,569.964,582.35,583.09,585.74,579.76]	1	true
Mon Nov 30 00:00:00 EST 2009	"GOOG"	579.97	583.67	577.11	583.0	17252	[516.25,524.04,526.11,535.32,529.91,549.85,552.09,551.72,551.1,554.09,553.69,554.21,548.29,540.3,548.65,551.1,562.51,566.76,570.56,572.05,576.28,577.49,576.65,572.99,569.964,582.35,583.09,585.74,579.76,583.0]	1	true
Tue Dec 01 00:00:00 EST 2009	"GOOG"	588.19	591.22	583.0	589.87	23212	[524.04,526.11,535.32,529.91,549.85,552.09,551.72,551.1,554.09,553.69,554.21,548.29,540.3,548.65,551.1,562.51,566.76,570.56,572.05,576.28,577.49,576.65,572.99,569.964,582.35,583.09,585.74,579.76,583.0,589.87]	18	true
Wed Dec 02 00:00:00 EST 2009	"GOOG"	590.98	593.01	586.22	587.51	16652	[526.11,535.32,529.91,549.85,552.09,551.72,551.1,554.09,553.69,554.21,548.29,540.3,548.65,551.1,562.51,566.76,570.56,572.05,576.28,577.49,576.65,572.99,569.964,582.35,583.09,585.74,579.76,583.0,589.87,587.51]	4	true
Thu Dec 03 00:00:00 EST 2009	"GOOG"	588.89	591.45	585.0	585.74	14293	[535.32,529.91,549.85,552.09,551.72,551.1,554.09,553.69,554.21,548.29,540.3,548.65,551.1,562.51,566.76,570.56,572.05,576.28,577.49,576.65,572.99,569.964,582.35,583.09,585.74,579.76,583.0,589.87,587.51,585.74]	2	true
Fri Dec 04 00:00:00 EST 2009	"GOOG"	593.04	594.832	579.18	585.01	25140	[529.91,549.85,552.09,551.72,551.1,554.09,553.69,554.21,548.29,540.3,548.65,551.1,562.51,566.76,570.56,572.05,576.28,577.49,576.65,572.99,569.964,582.35,583.09,585.74,579.76,583.0,589.87,587.51,585.74,585.01]	8	true
Mon Dec 07 00:00:00 EST 2009	"GOOG"	584.14	588.69	581.0	586.25	16365	[549.85,552.09,551.72,551.1,554.09,553.69,554.21,548.29,540.3,548.65,551.1,562.51,566.76,570.56,572.05,576.28,577.49,576.65,572.99,569.964,582.35,583.09,585.74,579.76,583.0,589.87,587.51,585.74,585.01,586.25]	17	true
Tue Dec 08 00:00:00 EST 2009	"GOOG"	583.36	590.66	582.0	587.05	15255	[552.09,551.72,551.1,554.09,553.69,554.21,548.29,540.3,548.65,551.1,562.51,566.76,570.56,572.05,576.28,577.49,576.65,572.99,569.964,582.35,583.09,585.74,579.76,583.0,589.87,587.51,585.74,585.01,586.25,587.05]	5	true
Wed Dec 09 00:00:00 EST 2009	"GOOG"	586.93	589.33	583.58	589.02	17812	[551.72,551.1,554.09,553.69,554.21,548.29,540.3,548.65,551.1,562.51,566.76,570.56,572.05,576.28,577.49,576.65,572.99,569.964,582.35,583.09,585.74,579.76,583.0,589.87,587.51,585.74,585.01,586.25,587.05,589.02]	15	true
Thu Dec 10 00:00:00 EST 2009	"GOOG"	590.71	594.71	590.41	591.5	16695	[551.1,554.09,553.69,554.21,548.29,540.3,548.65,551.1,562.51,566.76,570.56,572.05,576.28,577.49,576.65,572.99,569.964,582.35,583.09,585.74,579.76,583.0,589.87,587.51,585.74,585.01,586.25,587.05,589.02,591.5]	17	true
Fri Dec 11 00:00:00 EST 2009	"GOOG"	594.59	594.75	587.73	590.51	17233	[554.09,553.69,554.21,548.29,540.3,548.65,551.1,562.51,566.76,570.56,572.05,576.28,577.49,576.65,572.99,569.964,582.35,583.09,585.74,579.76,583.0,589.87,587.51,585.74,585.01,586.25,587.05,589.02,591.5,590.51]	1	true
Mon Dec 14 00:00:00 EST 2009	"GOOG"	595.24	597.31	592.6101	595.73	19135	[553.69,554.21,548.29,540.3,548.65,551.1,562.51,566.76,570.56,572.05,576.28,577.49,576.65,572.99,569.964,582.35,583.09,585.74,579.76,583.0,589.87,587.51,585.74,585.01,586.25,587.05,589.02,591.5,590.51,595.73]	19	true
Tue Dec 15 00:00:00 EST 2009	"GOOG"	594.0	596.38	590.99	593.14	22803	[554.21,548.29,540.3,548.65,551.1,562.51,566.76,570.56,572.05,576.28,577.49,576.65,572.99,569.964,582.35,583.09,585.74,579.76,583.0,589.87,587.51,585.74,585.01,586.25,587.05,589.02,591.5,590.51,595.73,593.14]	12	true
Wed Dec 16 00:00:00 EST 2009	"GOOG"	598.91	600.37	596.64	597.76	28097	[548.29,540.3,548.65,551.1,562.51,566.76,570.56,572.05,576.28,577.49,576.65,572.99,569.964,582.35,583.09,585.74,579.76,583.0,589.87,587.51,585.74,585.01,586.25,587.05,589.02,591.5,590.51,595.73,593.14,597.76]	15	true
Thu Dec 17 00:00:00 EST 2009	"GOOG"	596.46	597.64	593.76	593.94	26407	[540.3,548.65,551.1,562.51,566.76,570.56,572.05,576.28,577.49,576.65,572.99,569.964,582.35,583.09,585.74,579.76,583.0,589.87,587.51,585.74,585.01,586.25,587.05,589.02,591.5,590.51,595.73,593.14,597.76,593.94]	19	true
Fri Dec 18 00:00:00 EST 2009	"GOOG"	595.54	598.93	595.0	596.42	35325	[548.65,551.1,562.51,566.76,570.56,572.05,576.28,577.49,576.65,572.99,569.964,582.35,583.09,585.74,579.76,583.0,589.87,587.51,585.74,585.01,586.25,587.05,589.02,591.5,590.51,595.73,593.14,597.76,593.94,596.42]	6	true
Mon Dec 21 00:00:00 EST 2009	"GOOG"	597.6	599.84	595.67	598.68	25719	[551.1,562.51,566.76,570.56,572.05,576.28,577.49,576.65,572.99,569.964,582.35,583.09,585.74,579.76,583.0,589.87,587.51,585.74,585.01,586.25,587.05,589.02,591.5,590.51,595.73,593.14,597.76,593.94,596.42,598.68]	2	true
Tue Dec 22 00:00:00 EST 2009	"GOOG"	600.23	601.5	598.85	601.12	18842	[562.51,566.76,570.56,572.05,576.28,577.49,576.65,572.99,569.964,582.35,583.09,585.74,579.76,583.0,589.87,587.51,585.74,585.01,586.25,587.05,589.02,591.5,590.51,595.73,593.14,597.76,593.94,596.42,598.68,601.12]	17	true
Wed Dec 23 00:00:00 EST 2009	"GOOG"	603.76	612.8698	602.85	611.68	20753	[566.76,570.56,572.05,576.28,577.49,576.65,572.99,569.964,582.35,583.09,585.74,579.76,583.0,589.87,587.51,585.74,585.01,586.25,587.05,589.02,591.5,590.51,595.73,593.14,597.76,593.94,596.42,598.68,601.12,611.68]	8	true
Thu Dec 24 00:00:00 EST 2009	"GOOG"	612.95	619.52	612.2705	618.48	8586	[570.56,572.05,576.28,577.49,576.65,572.99,569.964,582.35,583.09,585.74,579.76,583.0,589.87,587.51,585.74,585.01,586.25,587.05,589.02,591.5,590.51,595.73,593.14,597.76,593.94,596.42,598.68,601.12,611.68,618.48]	3	true
Mon Dec 28 00:00:00 EST 2009	"GOOG"	621.77	625.99	618.48	622.87	16980	[572.05,576.28,577.49,576.65,572.99,569.964,582.35,583.09,585.74,579.76,583.0,589.87,587.51,585.74,585.01,586.25,587.05,589.02,591.5,590.51,595.73,593.14,597.76,593.94,596.42,598.68,601.12,611.68,618.48,622.87]	2	true
Tue Dec 29 00:00:00 EST 2009	"GOOG"	624.51	624.8425	618.29	619.4	14277	[576.28,577.49,576.65,572.99,569.964,582.35,583.09,585.74,579.76,583.0,589.87,587.51,585.74,585.01,586.25,587.05,589.02,591.5,590.51,595.73,593.14,597.76,593.94,596.42,598.68,601.12,611.68,618.48,622.87,619.4]	5	true
Wed Dec 30 00:00:00 EST 2009	"GOOG"	618.07	622.73	618.01	622.73	14663	[577.49,576.65,572.99,569.964,582.35,583.09,585.74,579.76,583.0,589.87,587.51,585.74,585.01,586.25,587.05,589.02,591.5,590.51,595.73,593.14,597.76,593.94,596.42,598.68,601.12,611.68,618.48,622.87,619.4,622.73]	13	true
Thu Dec 31 00:00:00 EST 2009	"GOOG"	624.86	625.4	619.98	619.98	12202	[576.65,572.99,569.964,582.35,583.09,585.74,579.76,583.0,589.87,587.51,585.74,585.01,586.25,587.05,589.02,591.5,590.51,595.73,593.14,597.76,593.94,596.42,598.68,601.12,611.68,618.48,622.87,619.4,622.73,619.98]	5	true
Mon Jan 04 00:00:00 EST 2010	"GOOG"	627.46	629.51	624.24	626.75	19579	[572.99,569.964,582.35,583.09,585.74,579.76,583.0,589.87,587.51,585.74,585.01,586.25,587.05,589.02,591.5,590.51,595.73,593.14,597.76,593.94,596.42,598.68,601.12,611.68,618.48,622.87,619.4,622.73,619.98,626.75]	5	true
Tue Jan 05 00:00:00 EST 2010	"GOOG"	627.84	627.84	621.54	623.99	30078	[569.964,582.35,583.09,585.74,579.76,583.0,589.87,587.51,585.74,585.01,586.25,587.05,589.02,591.5,590.51,595.73,593.14,597.76,593.94,596.42,598.68,601.12,611.68,618.48,622.87,619.4,622.73,619.98,626.75,623.99]	8	true
Wed Jan 06 00:00:00 EST 2010	"GOOG"	625.08	625.86	606.36	608.26	39806	[582.35,583.09,585.74,579.76,583.0,589.87,587.51,585.74,585.01,586.25,587.05,589.02,591.5,590.51,595.73,593.14,597.76,593.94,596.42,598.68,601.12,611.68,618.48,622.87,619.4,622.73,619.98,626.75,623.99,608.26]	8	true
Thu Jan 07 00:00:00 EST 2010	"GOOG"	609.27	610.0	592.65	594.1	64180	[583.09,585.74,579.76,583.0,589.87,587.51,585.74,585.01,586.25,587.05,589.02,591.5,590.51,595.73,593.14,597.76,593.94,596.42,598.68,601.12,611.68,618.48,622.87,619.4,622.73,619.98,626.75,623.99,608.26,594.1]	10	true
Fri Jan 08 00:00:00 EST 2010	"GOOG"	592.36	603.25	589.11	602.02	47247	[585.74,579.76,583.0,589.87,587.51,585.74,585.01,586.25,587.05,589.02,591.5,590.51,595.73,593.14,597.76,593.94,596.42,598.68,601.12,611.68,618.48,622.87,619.4,622.73,619.98,626.75,623.99,608.26,594.1,602.02]	7	true
Mon Jan 11 00:00:00 EST 2010	"GOOG"	603.9	604.46	594.04	601.11	72168	[579.76,583.0,589.87,587.51,585.74,585.01,586.25,587.05,589.02,591.5,590.51,595.73,593.14,597.76,593.94,596.42,598.68,601.12,611.68,618.48,622.87,619.4,622.73,619.98,626.75,623.99,608.26,594.1,602.02,601.11]	8	true
Tue Jan 12 00:00:00 EST 2010	"GOOG"	598.08	598.16	588.0	590.48	48532	[583.0,589.87,587.51,585.74,585.01,586.25,587.05,589.02,591.5,590.51,595.73,593.14,597.76,593.94,596.42,598.68,601.12,611.68,618.48,622.87,619.4,622.73,619.98,626.75,623.99,608.26,594.1,602.02,601.11,590.48]	2	true
Wed Jan 13 00:00:00 EST 2010	"GOOG"	576.51	588.38	573.9	587.09	64990	[589.87,587.51,585.74,585.01,586.25,587.05,589.02,591.5,590.51,595.73,593.14,597.76,593.94,596.42,598.68,601.12,611.68,618.48,622.87,619.4,622.73,619.98,626.75,623.99,608.26,594.1,602.02,601.11,590.48,587.09]	7	false
Thu Jan 14 00:00:00 EST 2010	"GOOG"	583.75	594.2	582.81	589.85	42415	[587.51,585.74,585.01,586.25,587.05,589.02,591.5,590.51,595.73,593.14,597.76,593.94,596.42,598.68,601.12,611.68,618.48,622.87,619.4,622.73,619.98,626.75,623.99,608.26,594.1,602.02,601.11,590.48,587.09,589.85]	3	true
Fri Jan 15 00:00:00 EST 2010	"GOOG"	593.43	593.56	578.04	580.0	54376	[585.74,585.01,586.25,587.05,589.02,591.5,590.51,595.73,593.14,597.76,593.94,596.42,598.68,601.12,611.68,618.48,622.87,619.4,622.73,619.98,626.75,623.99,608.26,594.1,602.02,601.11,590.48,587.09,589.85,580.0]	1	false
Tue Jan 19 00:00:00 EST 2010	"GOOG"	581.0	590.42	576.29	587.62	43171	[585.01,586.25,587.05,589.02,591.5,590.51,595.73,593.14,597.76,593.94,596.42,598.68,601.12,611.68,618.48,622.87,619.4,622.73,619.98,626.75,623.99,608.26,594.1,602.02,601.11,590.48,587.09,589.85,580.0,587.62]	12	false
Wed Jan 20 00:00:00 EST 2010	"GOOG"	585.12	585.98	575.29	580.41	32534	[586.25,587.05,589.02,591.5,590.51,595.73,593.14,597.76,593.94,596.42,598.68,601.12,611.68,618.48,622.87,619.4,622.73,619.98,626.75,623.99,608.26,594.1,602.02,601.11,590.48,587.09,589.85,580.0,587.62,580.41]	16	false
Thu Jan 21 00:00:00 EST 2010	"GOOG"	583.21	586.8185	572.251	582.98	63076	[587.05,589.02,591.5,590.51,595.73,593.14,597.76,593.94,596.42,598.68,601.12,611.68,618.48,622.87,619.4,622.73,619.98,626.75,623.99,608.26,594.1,602.02,601.11,590.48,587.09,589.85,580.0,587.62,580.41,582.98]	11	false
Fri Jan 22 00:00:00 EST 2010	"GOOG"	564.68	570.6	534.86	550.01	68076	[589.02,591.5,590.51,595.73,593.14,597.76,593.94,596.42,598.68,601.12,611.68,618.48,622.87,619.4,622.73,619.98,626.75,623.99,608.26,594.1,602.02,601.11,590.48,587.09,589.85,580.0,587.62,580.41,582.98,550.01]	18	false
Mon Jan 25 00:00:00 EST 2010	"GOOG"	546.53	549.8775	535.51	540.0	44210	[591.5,590.51,595.73,593.14,597.76,593.94,596.42,598.68,601.12,611.68,618.48,622.87,619.4,622.73,619.98,626.75,623.99,608.26,594.1,602.02,601.11,590.48,587.09,589.85,580.0,587.62,580.41,582.98,550.01,540.0]	10	false
Tue Jan 26 00:00:00 EST 2010	"GOOG"	537.62	549.6	536.29	542.42	43567	[590.51,595.73,593.14,597.76,593.94,596.42,598.68,601.12,611.68,618.48,622.87,619.4,622.73,619.98,626.75,623.99,608.26,594.1,602.02,601.11,590.48,587.09,589.85,580.0,587.62,580.41,582.98,550.01,540.0,542.42]	9	false
Wed Jan 27 00:00:00 EST 2010	"GOOG"	540.22	547.65	535.31	542.1	39654	[595.73,593.14,597.76,593.94,596.42,598.68,601.12,611.68,618.48,622.87,619.4,622.73,619.98,626.75,623.99,608.26,594.1,602.02,601.11,590.48,587.09,589.85,580.0,587.62,580.41,582.98,550.01,540.0,542.42,542.1]	9	false
Thu Jan 28 00:00:00 EST 2010	"GOOG"	544.55	546.9999	530.6	534.29	32310	[593.14,597.76,593.94,596.42,598.68,601.12,611.68,618.48,622.87,619.4,622.73,619.98,626.75,623.99,608.26,594.1,602.02,601.11,590.48,587.09,589.85,580.0,587.62,580.41,582.98,550.01,540.0,542.42,542.1,534.29]	12	false
Fri Jan 29 00:00:00 EST 2010	"GOOG"	538.5	540.99	525.61	529.944	41411	[597.76,593.94,596.42,598.68,601.12,611.68,618.48,622.87,619.4,622.73,619.98,626.75,623.99,608.26,594.1,602.02,601.11,590.48,587.09,589.85,580.0,587.62,580.41,582.98,550.01,540.0,542.42,542.1,534.29,529.944]	15	false
Mon Feb 01 00:00:00 EST 2010	"GOOG"	533.15	535.81	530.3	533.02	22530	[593.94,596.42,598.68,601.12,611.68,618.48,622.87,619.4,622.73,619.98,626.75,623.99,608.26,594.1,602.02,601.11,590.48,587.09,589.85,580.0,587.62,580.41,582.98,550.01,540.0,542.42,542.1,534.29,529.944,533.02]	10	false
Tue Feb 02 00:00:00 EST 2010	"GOOG"	534.11	534.96	527.61	531.12	40963	[596.42,598.68,601.12,611.68,618.48,622.87,619.4,622.73,619.98,626.75,623.99,608.26,594.1,602.02,601.11,590.48,587.09,589.85,580.0,587.62,580.41,582.98,550.01,540.0,542.42,542.1,534.29,529.944,533.02,531.12]	10	false
Wed Feb 03 00:00:00 EST 2010	"GOOG"	528.69	542.1	528.23	540.82	29998	[598.68,601.12,611.68,618.48,622.87,619.4,622.73,619.98,626.75,623.99,608.26,594.1,602.02,601.11,590.48,587.09,589.85,580.0,587.62,580.41,582.98,550.01,540.0,542.42,542.1,534.29,529.944,533.02,531.12,540.82]	8	false
Thu Feb 04 00:00:00 EST 2010	"GOOG"	536.61	538.0	525.56	526.778	33827	[601.12,611.68,618.48,622.87,619.4,622.73,619.98,626.75,623.99,608.26,594.1,602.02,601.11,590.48,587.09,589.85,580.0,587.62,580.41,582.98,550.01,540.0,542.42,542.1,534.29,529.944,533.02,531.12,540.82,526.778]	12	false
Fri Feb 05 00:00:00 EST 2010	"GOOG"	527.5	533.4985	522.46	531.29	31570	[611.68,618.48,622.87,619.4,622.73,619.98,626.75,623.99,608.26,594.1,602.02,601.11,590.48,587.09,589.85,580.0,587.62,580.41,582.98,550.01,540.0,542.42,542.1,534.29,529.944,533.02,531.12,540.82,526.778,531.29]	6	false
Mon Feb 08 00:00:00 EST 2010	"GOOG"	532.385	542.0	531.5301	533.47	26954	[618.48,622.87,619.4,622.73,619.98,626.75,623.99,608.26,594.1,602.02,601.11,590.48,587.09,589.85,580.0,587.62,580.41,582.98,550.01,540.0,542.42,542.1,534.29,529.944,533.02,531.12,540.82,526.778,531.29,533.47]	10	false
Tue Feb 09 00:00:00 EST 2010	"GOOG"	539.11	541.53	535.07	536.44	28286	[622.87,619.4,622.73,619.98,626.75,623.99,608.26,594.1,602.02,601.11,590.48,587.09,589.85,580.0,587.62,580.41,582.98,550.01,540.0,542.42,542.1,534.29,529.944,533.02,531.12,540.82,526.778,531.29,533.47,536.44]	13	false
Wed Feb 10 00:00:00 EST 2010	"GOOG"	534.4	537.79	527.69	534.445	26757	[619.4,622.73,619.98,626.75,623.99,608.26,594.1,602.02,601.11,590.48,587.09,589.85,580.0,587.62,580.41,582.98,550.01,540.0,542.42,542.1,534.29,529.944,533.02,531.12,540.82,526.778,531.29,533.47,536.44,534.445]	8	false
Thu Feb 11 00:00:00 EST 2010	"GOOG"	532.25	540.49	529.5	536.4	24110	[622.73,619.98,626.75,623.99,608.26,594.1,602.02,601.11,590.48,587.09,589.85,580.0,587.62,580.41,582.98,550.01,540.0,542.42,542.1,534.29,529.944,533.02,531.12,540.82,526.778,531.29,533.47,536.44,534.445,536.4]	8	false
Fri Feb 12 00:00:00 EST 2010	"GOOG"	533.0	537.15	530.5	533.12	22803	[619.98,626.75,623.99,608.26,594.1,602.02,601.11,590.48,587.09,589.85,580.0,587.62,580.41,582.98,550.01,540.0,542.42,542.1,534.29,529.944,533.02,531.12,540.82,526.778,531.29,533.47,536.44,534.445,536.4,533.12]	2	false
Tue Feb 16 00:00:00 EST 2010	"GOOG"	537.14	544.13	534.3	541.3	36470	[626.75,623.99,608.26,594.1,602.02,601.11,590.48,587.09,589.85,580.0,587.62,580.41,582.98,550.01,540.0,542.42,542.1,534.29,529.944,533.02,531.12,540.82,526.778,531.29,533.47,536.44,534.445,536.4,533.12,541.3]	17	true
Wed Feb 17 00:00:00 EST 2010	"GOOG"	542.44	543.4	537.61	538.207	20306	[623.99,608.26,594.1,602.02,601.11,590.48,587.09,589.85,580.0,587.62,580.41,582.98,550.01,540.0,542.42,542.1,534.29,529.944,533.02,531.12,540.82,526.778,531.29,533.47,536.44,534.445,536.4,533.12,541.3,538.207]	17	true
Thu Feb 18 00:00:00 EST 2010	"GOOG"	537.33	545.01	536.14	543.22	23392	[608.26,594.1,602.02,601.11,590.48,587.09,589.85,580.0,587.62,580.41,582.98,550.01,540.0,542.42,542.1,534.29,529.944,533.02,531.12,540.82,526.778,531.29,533.47,536.44,534.445,536.4,533.12,541.3,538.207,543.22]	11	false
Fri Feb 19 00:00:00 EST 2010	"GOOG"	540.48	544.03	539.7	540.763	25553	[594.1,602.02,601.11,590.48,587.09,589.85,580.0,587.62,580.41,582.98,550.01,540.0,542.42,542.1,534.29,529.944,533.02,531.12,540.82,526.778,531.29,533.47,536.44,534.445,536.4,533.12,541.3,538.207,543.22,540.763]	13	false
Mon Feb 22 00:00:00 EST 2010	"GOOG"	547.12	547.5	541.0	542.8	21447	[602.02,601.11,590.48,587.09,589.85,580.0,587.62,580.41,582.98,550.01,540.0,542.42,542.1,534.29,529.944,533.02,531.12,540.82,526.778,531.29,533.47,536.44,534.445,536.4,533.12,541.3,538.207,543.22,540.763,542.8]	8	false
Tue Feb 23 00:00:00 EST 2010	"GOOG"	543.55	543.63	532.29	535.07	28747	[601.11,590.48,587.09,589.85,580.0,587.62,580.41,582.98,550.01,540.0,542.42,542.1,534.29,529.944,533.02,531.12,540.82,526.778,531.29,533.47,536.44,534.445,536.4,533.12,541.3,538.207,543.22,540.763,542.8,535.07]	2	false
Wed Feb 24 00:00:00 EST 2010	"GOOG"	534.39	538.44	530.51	531.47	23269	[590.48,587.09,589.85,580.0,587.62,580.41,582.98,550.01,540.0,542.42,542.1,534.29,529.944,533.02,531.12,540.82,526.778,531.29,533.47,536.44,534.445,536.4,533.12,541.3,538.207,543.22,540.763,542.8,535.07,531.47]	11	false
Thu Feb 25 00:00:00 EST 2010	"GOOG"	526.93	528.4899	520.0	526.43	33093	[587.09,589.85,580.0,587.62,580.41,582.98,550.01,540.0,542.42,542.1,534.29,529.944,533.02,531.12,540.82,526.778,531.29,533.47,536.44,534.445,536.4,533.12,541.3,538.207,543.22,540.763,542.8,535.07,531.47,526.43]	6	false
Fri Feb 26 00:00:00 EST 2010	"GOOG"	527.05	531.75	523.48	526.8	20493	[589.85,580.0,587.62,580.41,582.98,550.01,540.0,542.42,542.1,534.29,529.944,533.02,531.12,540.82,526.778,531.29,533.47,536.44,534.445,536.4,533.12,541.3,538.207,543.22,540.763,542.8,535.07,531.47,526.43,526.8]	12	false
Mon Mar 01 00:00:00 EST 2010	"GOOG"	530.07	533.29	527.74	532.69	22383	[580.0,587.62,580.41,582.98,550.01,540.0,542.42,542.1,534.29,529.944,533.02,531.12,540.82,526.778,531.29,533.47,536.44,534.445,536.4,533.12,541.3,538.207,543.22,540.763,542.8,535.07,531.47,526.43,526.8,532.69]	17	false
Tue Mar 02 00:00:00 EST 2010	"GOOG"	535.02	545.66	535.01	541.06	43574	[587.62,580.41,582.98,550.01,540.0,542.42,542.1,534.29,529.944,533.02,531.12,540.82,526.778,531.29,533.47,536.44,534.445,536.4,533.12,541.3,538.207,543.22,540.763,542.8,535.07,531.47,526.43,526.8,532.69,541.06]	13	true
Wed Mar 03 00:00:00 EST 2010	"GOOG"	542.25	548.12	539.25	545.32	30901	[580.41,582.98,550.01,540.0,542.42,542.1,534.29,529.944,533.02,531.12,540.82,526.778,531.29,533.47,536.44,534.445,536.4,533.12,541.3,538.207,543.22,540.763,542.8,535.07,531.47,526.43,526.8,532.69,541.06,545.32]	7	true
Thu Mar 04 00:00:00 EST 2010	"GOOG"	546.2	556.13	546.2	554.59	31840	[582.98,550.01,540.0,542.42,542.1,534.29,529.944,533.02,531.12,540.82,526.778,531.29,533.47,536.44,534.445,536.4,533.12,541.3,538.207,543.22,540.763,542.8,535.07,531.47,526.43,526.8,532.69,541.06,545.32,554.59]	17	true
Fri Mar 05 00:00:00 EST 2010	"GOOG"	561.0	567.67	559.9	564.21	39133	[550.01,540.0,542.42,542.1,534.29,529.944,533.02,531.12,540.82,526.778,531.29,533.47,536.44,534.445,536.4,533.12,541.3,538.207,543.22,540.763,542.8,535.07,531.47,526.43,526.8,532.69,541.06,545.32,554.59,564.21]	4	true
Mon Mar 08 00:00:00 EST 2010	"GOOG"	564.78	565.18	561.01	562.48	23865	[540.0,542.42,542.1,534.29,529.944,533.02,531.12,540.82,526.778,531.29,533.47,536.44,534.445,536.4,533.12,541.3,538.207,543.22,540.763,542.8,535.07,531.47,526.43,526.8,532.69,541.06,545.32,554.59,564.21,562.48]	15	true
Tue Mar 09 00:00:00 EST 2010	"GOOG"	559.46	564.66	556.5	560.19	31775	[542.42,542.1,534.29,529.944,533.02,531.12,540.82,526.778,531.29,533.47,536.44,534.445,536.4,533.12,541.3,538.207,543.22,540.763,542.8,535.07,531.47,526.43,526.8,532.69,541.06,545.32,554.59,564.21,562.48,560.19]	19	true
Wed Mar 10 00:00:00 EST 2010	"GOOG"	563.75	578.5	562.21	576.45	56590	[542.1,534.29,529.944,533.02,531.12,540.82,526.778,531.29,533.47,536.44,534.445,536.4,533.12,541.3,538.207,543.22,540.763,542.8,535.07,531.47,526.43,526.8,532.69,541.06,545.32,554.59,564.21,562.48,560.19,576.45]	18	true
Thu Mar 11 00:00:00 EST 2010	"GOOG"	574.92	586.21	574.2	581.14	42352	[534.29,529.944,533.02,531.12,540.82,526.778,531.29,533.47,536.44,534.445,536.4,533.12,541.3,538.207,543.22,540.763,542.8,535.07,531.47,526.43,526.8,532.69,541.06,545.32,554.59,564.21,562.48,560.19,576.45,581.14]	19	true
Fri Mar 12 00:00:00 EST 2010	"GOOG"	587.57	588.275	579.16	579.54	27562	[529.944,533.02,531.12,540.82,526.778,531.29,533.47,536.44,534.445,536.4,533.12,541.3,538.207,543.22,540.763,542.8,535.07,531.47,526.43,526.8,532.69,541.06,545.32,554.59,564.21,562.48,560.19,576.45,581.14,579.54]	18	true
Mon Mar 15 00:00:00 EDT 2010	"GOOG"	566.33	569.45	556.0	563.18	46565	[533.02,531.12,540.82,526.778,531.29,533.47,536.44,534.445,536.4,533.12,541.3,538.207,543.22,540.763,542.8,535.07,531.47,526.43,526.8,532.69,541.06,545.32,554.59,564.21,562.48,560.19,576.45,581.14,579.54,563.18]	8	true
Tue Mar 16 00:00:00 EDT 2010	"GOOG"	561.56	568.42	560.76	565.2	34328	[531.12,540.82,526.778,531.29,533.47,536.44,534.445,536.4,533.12,541.3,538.207,543.22,540.763,542.8,535.07,531.47,526.43,526.8,532.69,541.06,545.32,554.59,564.21,562.48,560.19,576.45,581.14,579.54,563.18,565.2]	10	true
Wed Mar 17 00:00:00 EDT 2010	"GOOG"	567.86	571.4499	564.2501	565.56	33224	[540.82,526.778,531.29,533.47,536.44,534.445,536.4,533.12,541.3,538.207,543.22,540.763,542.8,535.07,531.47,526.43,526.8,532.69,541.06,545.32,554.59,564.21,562.48,560.19,576.45,581.14,579.54,563.18,565.2,565.56]	4	true
Thu Mar 18 00:00:00 EDT 2010	"GOOG"	564.98	568.44	562.96	566.4	17771	[526.778,531.29,533.47,536.44,534.445,536.4,533.12,541.3,538.207,543.22,540.763,542.8,535.07,531.47,526.43,526.8,532.69,541.06,545.32,554.59,564.21,562.48,560.19,576.45,581.14,579.54,563.18,565.2,565.56,566.4]	17	true
Fri Mar 19 00:00:00 EDT 2010	"GOOG"	566.81	568.0	557.28	560.0	47941	[531.29,533.47,536.44,534.445,536.4,533.12,541.3,538.207,543.22,540.763,542.8,535.07,531.47,526.43,526.8,532.69,541.06,545.32,554.59,564.21,562.48,560.19,576.45,581.14,579.54,563.18,565.2,565.56,566.4,560.0]	15	true
Mon Mar 22 00:00:00 EDT 2010	"GOOG"	555.77	566.85	554.28	557.5	40054	[533.47,536.44,534.445,536.4,533.12,541.3,538.207,543.22,540.763,542.8,535.07,531.47,526.43,526.8,532.69,541.06,545.32,554.59,564.21,562.48,560.19,576.45,581.14,579.54,563.18,565.2,565.56,566.4,560.0,557.5]	8	true
Tue Mar 23 00:00:00 EDT 2010	"GOOG"	556.45	558.312	542.0	549.0	55012	[536.44,534.445,536.4,533.12,541.3,538.207,543.22,540.763,542.8,535.07,531.47,526.43,526.8,532.69,541.06,545.32,554.59,564.21,562.48,560.19,576.45,581.14,579.54,563.18,565.2,565.56,566.4,560.0,557.5,549.0]	11	true
Wed Mar 24 00:00:00 EDT 2010	"GOOG"	545.55	559.8495	539.7	557.33	65693	[534.445,536.4,533.12,541.3,538.207,543.22,540.763,542.8,535.07,531.47,526.43,526.8,532.69,541.06,545.32,554.59,564.21,562.48,560.19,576.45,581.14,579.54,563.18,565.2,565.56,566.4,560.0,557.5,549.0,557.33]	3	true
Thu Mar 25 00:00:00 EDT 2010	"GOOG"	559.37	572.0	558.66	562.88	39316	[536.4,533.12,541.3,538.207,543.22,540.763,542.8,535.07,531.47,526.43,526.8,532.69,541.06,545.32,554.59,564.21,562.48,560.19,576.45,581.14,579.54,563.18,565.2,565.56,566.4,560.0,557.5,549.0,557.33,562.88]	1	true
Fri Mar 26 00:00:00 EDT 2010	"GOOG"	565.33	567.39	560.0201	562.69	26964	[533.12,541.3,538.207,543.22,540.763,542.8,535.07,531.47,526.43,526.8,532.69,541.06,545.32,554.59,564.21,562.48,560.19,576.45,581.14,579.54,563.18,565.2,565.56,566.4,560.0,557.5,549.0,557.33,562.88,562.69]	12	true
Mon Mar 29 00:00:00 EDT 2010	"GOOG"	563.05	564.72	560.57	562.45	31051	[541.3,538.207,543.22,540.763,542.8,535.07,531.47,526.43,526.8,532.69,541.06,545.32,554.59,564.21,562.48,560.19,576.45,581.14,579.54,563.18,565.2,565.56,566.4,560.0,557.5,549.0,557.33,562.88,562.69,562.45]	17	false
Tue Mar 30 00:00:00 EDT 2010	"GOOG"	562.96	567.63	560.28	566.71	19875	[538.207,543.22,540.763,542.8,535.07,531.47,526.43,526.8,532.69,541.06,545.32,554.59,564.21,562.48,560.19,576.45,581.14,579.54,563.18,565.2,565.56,566.4,560.0,557.5,549.0,557.33,562.88,562.69,562.45,566.71]	2	true
Wed Mar 31 00:00:00 EDT 2010	"GOOG"	565.13	569.74	562.81	567.12	30308	[543.22,540.763,542.8,535.07,531.47,526.43,526.8,532.69,541.06,545.32,554.59,564.21,562.48,560.19,576.45,581.14,579.54,563.18,565.2,565.56,566.4,560.0,557.5,549.0,557.33,562.88,562.69,562.45,566.71,567.12]	18	true
Thu Apr 01 00:00:00 EDT 2010	"GOOG"	571.02	573.45	565.55	568.8	21026	[540.763,542.8,535.07,531.47,526.43,526.8,532.69,541.06,545.32,554.59,564.21,562.48,560.19,576.45,581.14,579.54,563.18,565.2,565.56,566.4,560.0,557.5,549.0,557.33,562.88,562.69,562.45,566.71,567.12,568.8]	9	true
Mon Apr 05 00:00:00 EDT 2010	"GOOG"	571.26	574.88	569.0	571.01	19020	[542.8,535.07,531.47,526.43,526.8,532.69,541.06,545.32,554.59,564.21,562.48,560.19,576.45,581.14,579.54,563.18,565.2,565.56,566.4,560.0,557.5,549.0,557.33,562.88,562.69,562.45,566.71,567.12,568.8,571.01]	5	true
Tue Apr 06 00:00:00 EDT 2010	"GOOG"	568.24	570.89	565.4	568.22	20600	[535.07,531.47,526.43,526.8,532.69,541.06,545.32,554.59,564.21,562.48,560.19,576.45,581.14,579.54,563.18,565.2,565.56,566.4,560.0,557.5,549.0,557.33,562.88,562.69,562.45,566.71,567.12,568.8,571.01,568.22]	3	true
Wed Apr 07 00:00:00 EDT 2010	"GOOG"	566.69	568.75	561.86	563.54	25810	[531.47,526.43,526.8,532.69,541.06,545.32,554.59,564.21,562.48,560.19,576.45,581.14,579.54,563.18,565.2,565.56,566.4,560.0,557.5,549.0,557.33,562.88,562.69,562.45,566.71,567.12,568.8,571.01,568.22,563.54]	8	true
Thu Apr 08 00:00:00 EDT 2010	"GOOG"	563.0	569.8515	560.05	567.49	19517	[526.43,526.8,532.69,541.06,545.32,554.59,564.21,562.48,560.19,576.45,581.14,579.54,563.18,565.2,565.56,566.4,560.0,557.5,549.0,557.33,562.88,562.69,562.45,566.71,567.12,568.8,571.01,568.22,563.54,567.49]	9	false
Fri Apr 09 00:00:00 EDT 2010	"GOOG"	566.87	568.77	564.0	566.22	20568	[526.8,532.69,541.06,545.32,554.59,564.21,562.48,560.19,576.45,581.14,579.54,563.18,565.2,565.56,566.4,560.0,557.5,549.0,557.33,562.88,562.69,562.45,566.71,567.12,568.8,571.01,568.22,563.54,567.49,566.22]	10	false
Mon Apr 12 00:00:00 EDT 2010	"GOOG"	567.33	574.0	566.22	572.73	23535	[532.69,541.06,545.32,554.59,564.21,562.48,560.19,576.45,581.14,579.54,563.18,565.2,565.56,566.4,560.0,557.5,549.0,557.33,562.88,562.69,562.45,566.71,567.12,568.8,571.01,568.22,563.54,567.49,566.22,572.73]	6	true
Tue Apr 13 00:00:00 EDT 2010	"GOOG"	571.22	588.88	571.13	586.77	39122	[541.06,545.32,554.59,564.21,562.48,560.19,576.45,581.14,579.54,563.18,565.2,565.56,566.4,560.0,557.5,549.0,557.33,562.88,562.69,562.45,566.71,567.12,568.8,571.01,568.22,563.54,567.49,566.22,572.73,586.77]	7	true
Wed Apr 14 00:00:00 EDT 2010	"GOOG"	592.0	592.34	584.01	589.0	34038	[545.32,554.59,564.21,562.48,560.19,576.45,581.14,579.54,563.18,565.2,565.56,566.4,560.0,557.5,549.0,557.33,562.88,562.69,562.45,566.71,567.12,568.8,571.01,568.22,563.54,567.49,566.22,572.73,586.77,589.0]	2	true
Thu Apr 15 00:00:00 EDT 2010	"GOOG"	592.12	597.84	588.287	595.3	67617	[554.59,564.21,562.48,560.19,576.45,581.14,579.54,563.18,565.2,565.56,566.4,560.0,557.5,549.0,557.33,562.88,562.69,562.45,566.71,567.12,568.8,571.01,568.22,563.54,567.49,566.22,572.73,586.77,589.0,595.3]	17	true
Fri Apr 16 00:00:00 EDT 2010	"GOOG"	563.0	568.81	549.63	550.145	122394	[564.21,562.48,560.19,576.45,581.14,579.54,563.18,565.2,565.56,566.4,560.0,557.5,549.0,557.33,562.88,562.69,562.45,566.71,567.12,568.8,571.01,568.22,563.54,567.49,566.22,572.73,586.77,589.0,595.3,550.145]	5	false
Mon Apr 19 00:00:00 EDT 2010	"GOOG"	549.1	553.99	545.0	550.1	38957	[562.48,560.19,576.45,581.14,579.54,563.18,565.2,565.56,566.4,560.0,557.5,549.0,557.33,562.88,562.69,562.45,566.71,567.12,568.8,571.01,568.22,563.54,567.49,566.22,572.73,586.77,589.0,595.3,550.145,550.1]	12	false
Tue Apr 20 00:00:00 EDT 2010	"GOOG"	554.89	559.6565	551.06	555.04	29793	[560.19,576.45,581.14,579.54,563.18,565.2,565.56,566.4,560.0,557.5,549.0,557.33,562.88,562.69,562.45,566.71,567.12,568.8,571.01,568.22,563.54,567.49,566.22,572.73,586.77,589.0,595.3,550.145,550.1,555.04]	12	false
Wed Apr 21 00:00:00 EDT 2010	"GOOG"	556.74	560.25	552.16	554.3	23927	[576.45,581.14,579.54,563.18,565.2,565.56,566.4,560.0,557.5,549.0,557.33,562.88,562.69,562.45,566.71,567.12,568.8,571.01,568.22,563.54,567.49,566.22,572.73,586.77,589.0,595.3,550.145,550.1,555.04,554.3]	18	false
Thu Apr 22 00:00:00 EDT 2010	"GOOG"	551.15	552.5	543.35	547.06	32836	[581.14,579.54,563.18,565.2,565.56,566.4,560.0,557.5,549.0,557.33,562.88,562.69,562.45,566.71,567.12,568.8,571.01,568.22,563.54,567.49,566.22,572.73,586.77,589.0,595.3,550.145,550.1,555.04,554.3,547.06]	17	false
Fri Apr 23 00:00:00 EDT 2010	"GOOG"	547.98	549.32	542.27	544.99	20898	[579.54,563.18,565.2,565.56,566.4,560.0,557.5,549.0,557.33,562.88,562.69,562.45,566.71,567.12,568.8,571.01,568.22,563.54,567.49,566.22,572.73,586.77,589.0,595.3,550.145,550.1,555.04,554.3,547.06,544.99]	5	false
Mon Apr 26 00:00:00 EDT 2010	"GOOG"	544.55	544.99	529.21	531.64	43736	[563.18,565.2,565.56,566.4,560.0,557.5,549.0,557.33,562.88,562.69,562.45,566.71,567.12,568.8,571.01,568.22,563.54,567.49,566.22,572.73,586.77,589.0,595.3,550.145,550.1,555.04,554.3,547.06,544.99,531.64]	12	false
Tue Apr 27 00:00:00 EDT 2010	"GOOG"	528.94	538.33	527.235	529.06	38447	[565.2,565.56,566.4,560.0,557.5,549.0,557.33,562.88,562.69,562.45,566.71,567.12,568.8,571.01,568.22,563.54,567.49,566.22,572.73,586.77,589.0,595.3,550.145,550.1,555.04,554.3,547.06,544.99,531.64,529.06]	9	false
Wed Apr 28 00:00:00 EDT 2010	"GOOG"	532.0	534.83	521.03	529.19	34091	[565.56,566.4,560.0,557.5,549.0,557.33,562.88,562.69,562.45,566.71,567.12,568.8,571.01,568.22,563.54,567.49,566.22,572.73,586.77,589.0,595.3,550.145,550.1,555.04,554.3,547.06,544.99,531.64,529.06,529.19]	6	false
Thu Apr 29 00:00:00 EDT 2010	"GOOG"	533.34	536.5	526.67	532.0	30588	[566.4,560.0,557.5,549.0,557.33,562.88,562.69,562.45,566.71,567.12,568.8,571.01,568.22,563.54,567.49,566.22,572.73,586.77,589.0,595.3,550.145,550.1,555.04,554.3,547.06,544.99,531.64,529.06,529.19,532.0]	4	false
Fri Apr 30 00:00:00 EDT 2010	"GOOG"	531.28	537.68	525.44	525.695	24402	[560.0,557.5,549.0,557.33,562.88,562.69,562.45,566.71,567.12,568.8,571.01,568.22,563.54,567.49,566.22,572.73,586.77,589.0,595.3,550.145,550.1,555.04,554.3,547.06,544.99,531.64,529.06,529.19,532.0,525.695]	6	false
Mon May 03 00:00:00 EDT 2010	"GOOG"	526.7	532.92	525.08	530.6	18603	[557.5,549.0,557.33,562.88,562.69,562.45,566.71,567.12,568.8,571.01,568.22,563.54,567.49,566.22,572.73,586.77,589.0,595.3,550.145,550.1,555.04,554.3,547.06,544.99,531.64,529.06,529.19,532.0,525.695,530.6]	16	false
Tue May 04 00:00:00 EDT 2010	"GOOG"	526.41	526.74	504.21	506.37	60785	[549.0,557.33,562.88,562.69,562.45,566.71,567.12,568.8,571.01,568.22,563.54,567.49,566.22,572.73,586.77,589.0,595.3,550.145,550.1,555.04,554.3,547.06,544.99,531.64,529.06,529.19,532.0,525.695,530.6,506.37]	17	false
Wed May 05 00:00:00 EDT 2010	"GOOG"	500.55	515.72	500.4701	509.76	45821	[557.33,562.88,562.69,562.45,566.71,567.12,568.8,571.01,568.22,563.54,567.49,566.22,572.73,586.77,589.0,595.3,550.145,550.1,555.04,554.3,547.06,544.99,531.64,529.06,529.19,532.0,525.695,530.6,506.37,509.76]	0	false
Thu May 06 00:00:00 EDT 2010	"GOOG"	508.68	517.52	460.0	498.67	50000	[562.88,562.69,562.45,566.71,567.12,568.8,571.01,568.22,563.54,567.49,566.22,572.73,586.77,589.0,595.3,550.145,550.1,555.04,554.3,547.06,544.99,531.64,529.06,529.19,532.0,525.695,530.6,506.37,509.76,498.67]	7	false
Fri May 07 00:00:00 EDT 2010	"GOOG"	500.0	505.32	481.33	493.14	50937	[562.69,562.45,566.71,567.12,568.8,571.01,568.22,563.54,567.49,566.22,572.73,586.77,589.0,595.3,550.145,550.1,555.04,554.3,547.06,544.99,531.64,529.06,529.19,532.0,525.695,530.6,506.37,509.76,498.67,493.14]	8	false
Mon May 10 00:00:00 EDT 2010	"GOOG"	513.31	522.82	512.6	521.65	41279	[562.45,566.71,567.12,568.8,571.01,568.22,563.54,567.49,566.22,572.73,586.77,589.0,595.3,550.145,550.1,555.04,554.3,547.06,544.99,531.64,529.06,529.19,532.0,525.695,530.6,506.37,509.76,498.67,493.14,521.65]	0	false
Tue May 11 00:00:00 EDT 2010	"GOOG"	515.01	519.88	508.22	509.05	33243	[566.71,567.12,568.8,571.01,568.22,563.54,567.49,566.22,572.73,586.77,589.0,595.3,550.145,550.1,555.04,554.3,547.06,544.99,531.64,529.06,529.19,532.0,525.695,530.6,506.37,509.76,498.67,493.14,521.65,509.05]	13	false
Wed May 12 00:00:00 EDT 2010	"GOOG"	511.3	512.04	502.0	505.39	38521	[567.12,568.8,571.01,568.22,563.54,567.49,566.22,572.73,586.77,589.0,595.3,550.145,550.1,555.04,554.3,547.06,544.99,531.64,529.06,529.19,532.0,525.695,530.6,506.37,509.76,498.67,493.14,521.65,509.05,505.39]	19	false
Thu May 13 00:00:00 EDT 2010	"GOOG"	516.0	522.0	510.37	510.88	33281	[568.8,571.01,568.22,563.54,567.49,566.22,572.73,586.77,589.0,595.3,550.145,550.1,555.04,554.3,547.06,544.99,531.64,529.06,529.19,532.0,525.695,530.6,506.37,509.76,498.67,493.14,521.65,509.05,505.39,510.88]	2	false
Fri May 14 00:00:00 EDT 2010	"GOOG"	508.89	510.99	496.25	507.53	41239	[571.01,568.22,563.54,567.49,566.22,572.73,586.77,589.0,595.3,550.145,550.1,555.04,554.3,547.06,544.99,531.64,529.06,529.19,532.0,525.695,530.6,506.37,509.76,498.67,493.14,521.65,509.05,505.39,510.88,507.53]	17	false
Mon May 17 00:00:00 EDT 2010	"GOOG"	505.66	508.3608	498.35	507.97	27965	[568.22,563.54,567.49,566.22,572.73,586.77,589.0,595.3,550.145,550.1,555.04,554.3,547.06,544.99,531.64,529.06,529.19,532.0,525.695,530.6,506.37,509.76,498.67,493.14,521.65,509.05,505.39,510.88,507.53,507.97]	2	false
Tue May 18 00:00:00 EDT 2010	"GOOG"	510.16	510.97	497.07	498.37	28302	[563.54,567.49,566.22,572.73,586.77,589.0,595.3,550.145,550.1,555.04,554.3,547.06,544.99,531.64,529.06,529.19,532.0,525.695,530.6,506.37,509.76,498.67,493.14,521.65,509.05,505.39,510.88,507.53,507.97,498.37]	14	false
Wed May 19 00:00:00 EDT 2010	"GOOG"	497.23	499.44	487.74	494.43	34463	[567.49,566.22,572.73,586.77,589.0,595.3,550.145,550.1,555.04,554.3,547.06,544.99,531.64,529.06,529.19,532.0,525.695,530.6,506.37,509.76,498.67,493.14,521.65,509.05,505.39,510.88,507.53,507.97,498.37,494.43]	11	false
Thu May 20 00:00:00 EDT 2010	"GOOG"	485.07	485.58	473.8015	475.01	49179	[566.22,572.73,586.77,589.0,595.3,550.145,550.1,555.04,554.3,547.06,544.99,531.64,529.06,529.19,532.0,525.695,530.6,506.37,509.76,498.67,493.14,521.65,509.05,505.39,510.88,507.53,507.97,498.37,494.43,475.01]	16	false
Fri May 21 00:00:00 EDT 2010	"GOOG"	469.06	485.0	464.4	472.05	96935	[572.73,586.77,589.0,595.3,550.145,550.1,555.04,554.3,547.06,544.99,531.64,529.06,529.19,532.0,525.695,530.6,506.37,509.76,498.67,493.14,521.65,509.05,505.39,510.88,507.53,507.97,498.37,494.43,475.01,472.05]	2	false
Mon May 24 00:00:00 EDT 2010	"GOOG"	481.0	489.79	476.8	477.16	43423	[586.77,589.0,595.3,550.145,550.1,555.04,554.3,547.06,544.99,531.64,529.06,529.19,532.0,525.695,530.6,506.37,509.76,498.67,493.14,521.65,509.05,505.39,510.88,507.53,507.97,498.37,494.43,475.01,472.05,477.16]	7	false
Tue May 25 00:00:00 EDT 2010	"GOOG"	467.56	477.45	464.01	477.07	30219	[589.0,595.3,550.145,550.1,555.04,554.3,547.06,544.99,531.64,529.06,529.19,532.0,525.695,530.6,506.37,509.76,498.67,493.14,521.65,509.05,505.39,510.88,507.53,507.97,498.37,494.43,475.01,472.05,477.16,477.07]	7	false
Wed May 26 00:00:00 EDT 2010	"GOOG"	482.07	489.76	475.0	475.47	34840	[595.3,550.145,550.1,555.04,554.3,547.06,544.99,531.64,529.06,529.19,532.0,525.695,530.6,506.37,509.76,498.67,493.14,521.65,509.05,505.39,510.88,507.53,507.97,498.37,494.43,475.01,472.05,477.16,477.07,475.47]	10	false
Thu May 27 00:00:00 EDT 2010	"GOOG"	484.86	492.31	481.05	490.46	28100	[550.145,550.1,555.04,554.3,547.06,544.99,531.64,529.06,529.19,532.0,525.695,530.6,506.37,509.76,498.67,493.14,521.65,509.05,505.39,510.88,507.53,507.97,498.37,494.43,475.01,472.05,477.16,477.07,475.47,490.46]	0	false
Fri May 28 00:00:00 EDT 2010	"GOOG"	492.91	493.45	483.0	485.63	28947	[550.1,555.04,554.3,547.06,544.99,531.64,529.06,529.19,532.0,525.695,530.6,506.37,509.76,498.67,493.14,521.65,509.05,505.39,510.88,507.53,507.97,498.37,494.43,475.01,472.05,477.16,477.07,475.47,490.46,485.63]	12	false
Tue Jun 01 00:00:00 EDT 2010	"GOOG"	480.43	491.06	480.12	482.37	26669	[555.04,554.3,547.06,544.99,531.64,529.06,529.19,532.0,525.695,530.6,506.37,509.76,498.67,493.14,521.65,509.05,505.39,510.88,507.53,507.97,498.37,494.43,475.01,472.05,477.16,477.07,475.47,490.46,485.63,482.37]	12	false
Wed Jun 02 00:00:00 EDT 2010	"GOOG"	486.41	493.8699	481.46	493.37	25407	[554.3,547.06,544.99,531.64,529.06,529.19,532.0,525.695,530.6,506.37,509.76,498.67,493.14,521.65,509.05,505.39,510.88,507.53,507.97,498.37,494.43,475.01,472.05,477.16,477.07,475.47,490.46,485.63,482.37,493.37]	4	false
Thu Jun 03 00:00:00 EDT 2010	"GOOG"	495.5	508.0	494.7	505.6	36518	[547.06,544.99,531.64,529.06,529.19,532.0,525.695,530.6,506.37,509.76,498.67,493.14,521.65,509.05,505.39,510.88,507.53,507.97,498.37,494.43,475.01,472.05,477.16,477.07,475.47,490.46,485.63,482.37,493.37,505.6]	1	false
Fri Jun 04 00:00:00 EDT 2010	"GOOG"	499.24	509.25	496.7	498.72	39239	[544.99,531.64,529.06,529.19,532.0,525.695,530.6,506.37,509.76,498.67,493.14,521.65,509.05,505.39,510.88,507.53,507.97,498.37,494.43,475.01,472.05,477.16,477.07,475.47,490.46,485.63,482.37,493.37,505.6,498.72]	9	true
Mon Jun 07 00:00:00 EDT 2010	"GOOG"	499.0	500.9099	483.15	485.52	36370	[531.64,529.06,529.19,532.0,525.695,530.6,506.37,509.76,498.67,493.14,521.65,509.05,505.39,510.88,507.53,507.97,498.37,494.43,475.01,472.05,477.16,477.07,475.47,490.46,485.63,482.37,493.37,505.6,498.72,485.52]	7	false
Tue Jun 08 00:00:00 EDT 2010	"GOOG"	487.09	488.84	477.54	484.78	26850	[529.06,529.19,532.0,525.695,530.6,506.37,509.76,498.67,493.14,521.65,509.05,505.39,510.88,507.53,507.97,498.37,494.43,475.01,472.05,477.16,477.07,475.47,490.46,485.63,482.37,493.37,505.6,498.72,485.52,484.78]	2	false
Wed Jun 09 00:00:00 EDT 2010	"GOOG"	487.28	488.88	472.0	474.02	27327	[529.19,532.0,525.695,530.6,506.37,509.76,498.67,493.14,521.65,509.05,505.39,510.88,507.53,507.97,498.37,494.43,475.01,472.05,477.16,477.07,475.47,490.46,485.63,482.37,493.37,505.6,498.72,485.52,484.78,474.02]	17	true
Thu Jun 10 00:00:00 EDT 2010	"GOOG"	480.45	488.5	475.84	487.01	25859	[532.0,525.695,530.6,506.37,509.76,498.67,493.14,521.65,509.05,505.39,510.88,507.53,507.97,498.37,494.43,475.01,472.05,477.16,477.07,475.47,490.46,485.63,482.37,493.37,505.6,498.72,485.52,484.78,474.02,487.01]	1	false
Fri Jun 11 00:00:00 EDT 2010	"GOOG"	482.5	488.71	481.62	488.5	17843	[525.695,530.6,506.37,509.76,498.67,493.14,521.65,509.05,505.39,510.88,507.53,507.97,498.37,494.43,475.01,472.05,477.16,477.07,475.47,490.46,485.63,482.37,493.37,505.6,498.72,485.52,484.78,474.02,487.01,488.5]	4	false
Mon Jun 14 00:00:00 EDT 2010	"GOOG"	493.75	494.5	483.19	483.19	20409	[530.6,506.37,509.76,498.67,493.14,521.65,509.05,505.39,510.88,507.53,507.97,498.37,494.43,475.01,472.05,477.16,477.07,475.47,490.46,485.63,482.37,493.37,505.6,498.72,485.52,484.78,474.02,487.01,488.5,483.19]	5	false
Tue Jun 15 00:00:00 EDT 2010	"GOOG"	483.08	500.4	482.18	497.99	42615	[506.37,509.76,498.67,493.14,521.65,509.05,505.39,510.88,507.53,507.97,498.37,494.43,475.01,472.05,477.16,477.07,475.47,490.46,485.63,482.37,493.37,505.6,498.72,485.52,484.78,474.02,487.01,488.5,483.19,497.99]	5	false
Wed Jun 16 00:00:00 EDT 2010	"GOOG"	496.85	504.0	496.11	501.27	22919	[509.76,498.67,493.14,521.65,509.05,505.39,510.88,507.53,507.97,498.37,494.43,475.01,472.05,477.16,477.07,475.47,490.46,485.63,482.37,493.37,505.6,498.72,485.52,484.78,474.02,487.01,488.5,483.19,497.99,501.27]	18	true
Thu Jun 17 00:00:00 EDT 2010	"GOOG"	503.44	505.87	496.69	500.08	19778	[498.67,493.14,521.65,509.05,505.39,510.88,507.53,507.97,498.37,494.43,475.01,472.05,477.16,477.07,475.47,490.46,485.63,482.37,493.37,505.6,498.72,485.52,484.78,474.02,487.01,488.5,483.19,497.99,501.27,500.08]	3	false
Fri Jun 18 00:00:00 EDT 2010	"GOOG"	502.68	503.47	498.13	500.03	28787	[493.14,521.65,509.05,505.39,510.88,507.53,507.97,498.37,494.43,475.01,472.05,477.16,477.07,475.47,490.46,485.63,482.37,493.37,505.6,498.72,485.52,484.78,474.02,487.01,488.5,483.19,497.99,501.27,500.08,500.03]	8	true
Mon Jun 21 00:00:00 EDT 2010	"GOOG"	499.82	500.967	484.89	488.56	29893	[521.65,509.05,505.39,510.88,507.53,507.97,498.37,494.43,475.01,472.05,477.16,477.07,475.47,490.46,485.63,482.37,493.37,505.6,498.72,485.52,484.78,474.02,487.01,488.5,483.19,497.99,501.27,500.08,500.03,488.56]	16	false
Tue Jun 22 00:00:00 EDT 2010	"GOOG"	489.71	496.6	485.73	486.25	22199	[509.05,505.39,510.88,507.53,507.97,498.37,494.43,475.01,472.05,477.16,477.07,475.47,490.46,485.63,482.37,493.37,505.6,498.72,485.52,484.78,474.02,487.01,488.5,483.19,497.99,501.27,500.08,500.03,488.56,486.25]	14	true
Wed Jun 23 00:00:00 EDT 2010	"GOOG"	485.67	486.89	478.16	482.05	20296	[505.39,510.88,507.53,507.97,498.37,494.43,475.01,472.05,477.16,477.07,475.47,490.46,485.63,482.37,493.37,505.6,498.72,485.52,484.78,474.02,487.01,488.5,483.19,497.99,501.27,500.08,500.03,488.56,486.25,482.05]	6	true
Thu Jun 24 00:00:00 EDT 2010	"GOOG"	479.18	482.75	473.261	475.1	18937	[510.88,507.53,507.97,498.37,494.43,475.01,472.05,477.16,477.07,475.47,490.46,485.63,482.37,493.37,505.6,498.72,485.52,484.78,474.02,487.01,488.5,483.19,497.99,501.27,500.08,500.03,488.56,486.25,482.05,475.1]	6	true
Fri Jun 25 00:00:00 EDT 2010	"GOOG"	477.11	477.646	470.56	472.68	22452	[507.53,507.97,498.37,494.43,475.01,472.05,477.16,477.07,475.47,490.46,485.63,482.37,493.37,505.6,498.72,485.52,484.78,474.02,487.01,488.5,483.19,497.99,501.27,500.08,500.03,488.56,486.25,482.05,475.1,472.68]	15	false
Mon Jun 28 00:00:00 EDT 2010	"GOOG"	472.55	477.55	469.01	472.08	17625	[507.97,498.37,494.43,475.01,472.05,477.16,477.07,475.47,490.46,485.63,482.37,493.37,505.6,498.72,485.52,484.78,474.02,487.01,488.5,483.19,497.99,501.27,500.08,500.03,488.56,486.25,482.05,475.1,472.68,472.08]	18	false
Tue Jun 29 00:00:00 EDT 2010	"GOOG"	463.45	464.55	451.12	454.26	35021	[498.37,494.43,475.01,472.05,477.16,477.07,475.47,490.46,485.63,482.37,493.37,505.6,498.72,485.52,484.78,474.02,487.01,488.5,483.19,497.99,501.27,500.08,500.03,488.56,486.25,482.05,475.1,472.68,472.08,454.26]	19	false
Wed Jun 30 00:00:00 EDT 2010	"GOOG"	453.2	457.83	444.72	444.95	36036	[494.43,475.01,472.05,477.16,477.07,475.47,490.46,485.63,482.37,493.37,505.6,498.72,485.52,484.78,474.02,487.01,488.5,483.19,497.99,501.27,500.08,500.03,488.56,486.25,482.05,475.1,472.68,472.08,454.26,444.95]	1	false
Thu Jul 01 00:00:00 EDT 2010	"GOOG"	445.22	448.4	433.63	439.49	35138	[475.01,472.05,477.16,477.07,475.47,490.46,485.63,482.37,493.37,505.6,498.72,485.52,484.78,474.02,487.01,488.5,483.19,497.99,501.27,500.08,500.03,488.56,486.25,482.05,475.1,472.68,472.08,454.26,444.95,439.49]	3	false
Fri Jul 02 00:00:00 EDT 2010	"GOOG"	441.62	442.2842	436.0	436.55	19362	[472.05,477.16,477.07,475.47,490.46,485.63,482.37,493.37,505.6,498.72,485.52,484.78,474.02,487.01,488.5,483.19,497.99,501.27,500.08,500.03,488.56,486.25,482.05,475.1,472.68,472.08,454.26,444.95,439.49,436.55]	19	false
Tue Jul 06 00:00:00 EDT 2010	"GOOG"	444.04	447.6699	433.63	436.07	25614	[477.16,477.07,475.47,490.46,485.63,482.37,493.37,505.6,498.72,485.52,484.78,474.02,487.01,488.5,483.19,497.99,501.27,500.08,500.03,488.56,486.25,482.05,475.1,472.68,472.08,454.26,444.95,439.49,436.55,436.07]	16	false
Wed Jul 07 00:00:00 EDT 2010	"GOOG"	438.34	451.29	435.38	450.2	31319	[477.07,475.47,490.46,485.63,482.37,493.37,505.6,498.72,485.52,484.78,474.02,487.01,488.5,483.19,497.99,501.27,500.08,500.03,488.56,486.25,482.05,475.1,472.68,472.08,454.26,444.95,439.49,436.55,436.07,450.2]	14	false
Thu Jul 08 00:00:00 EDT 2010	"GOOG"	452.73	457.33	449.66	456.56	26704	[475.47,490.46,485.63,482.37,493.37,505.6,498.72,485.52,484.78,474.02,487.01,488.5,483.19,497.99,501.27,500.08,500.03,488.56,486.25,482.05,475.1,472.68,472.08,454.26,444.95,439.49,436.55,436.07,450.2,456.56]	11	false
Fri Jul 09 00:00:00 EDT 2010	"GOOG"	472.0	473.26	462.78	467.49	43327	[490.46,485.63,482.37,493.37,505.6,498.72,485.52,484.78,474.02,487.01,488.5,483.19,497.99,501.27,500.08,500.03,488.56,486.25,482.05,475.1,472.68,472.08,454.26,444.95,439.49,436.55,436.07,450.2,456.56,467.49]	9	false
Mon Jul 12 00:00:00 EDT 2010	"GOOG"	472.38	479.44	471.08	475.83	33344	[485.63,482.37,493.37,505.6,498.72,485.52,484.78,474.02,487.01,488.5,483.19,497.99,501.27,500.08,500.03,488.56,486.25,482.05,475.1,472.68,472.08,454.26,444.95,439.49,436.55,436.07,450.2,456.56,467.49,475.83]	18	true
Tue Jul 13 00:00:00 EDT 2010	"GOOG"	482.19	492.99	480.28	489.2	39762	[482.37,493.37,505.6,498.72,485.52,484.78,474.02,487.01,488.5,483.19,497.99,501.27,500.08,500.03,488.56,486.25,482.05,475.1,472.68,472.08,454.26,444.95,439.49,436.55,436.07,450.2,456.56,467.49,475.83,489.2]	17	true
Wed Jul 14 00:00:00 EDT 2010	"GOOG"	489.88	493.83	486.46	491.336	31185	[493.37,505.6,498.72,485.52,484.78,474.02,487.01,488.5,483.19,497.99,501.27,500.08,500.03,488.56,486.25,482.05,475.1,472.68,472.08,454.26,444.95,439.49,436.55,436.07,450.2,456.56,467.49,475.83,489.2,491.336]	8	true
Thu Jul 15 00:00:00 EDT 2010	"GOOG"	491.73	494.7	482.68	494.02	48587	[505.6,498.72,485.52,484.78,474.02,487.01,488.5,483.19,497.99,501.27,500.08,500.03,488.56,486.25,482.05,475.1,472.68,472.08,454.26,444.95,439.49,436.55,436.07,450.2,456.56,467.49,475.83,489.2,491.336,494.02]	4	true
Fri Jul 16 00:00:00 EDT 2010	"GOOG"	469.06	470.56	459.52	459.605	78247	[498.72,485.52,484.78,474.02,487.01,488.5,483.19,497.99,501.27,500.08,500.03,488.56,486.25,482.05,475.1,472.68,472.08,454.26,444.95,439.49,436.55,436.07,450.2,456.56,467.49,475.83,489.2,491.336,494.02,459.605]	14	false
Mon Jul 19 00:00:00 EDT 2010	"GOOG"	461.0	469.65	457.52	466.18	45494	[485.52,484.78,474.02,487.01,488.5,483.19,497.99,501.27,500.08,500.03,488.56,486.25,482.05,475.1,472.68,472.08,454.26,444.95,439.49,436.55,436.07,450.2,456.56,467.49,475.83,489.2,491.336,494.02,459.605,466.18]	14	false
Tue Jul 20 00:00:00 EDT 2010	"GOOG"	461.08	482.99	460.6	481.59	40568	[484.78,474.02,487.01,488.5,483.19,497.99,501.27,500.08,500.03,488.56,486.25,482.05,475.1,472.68,472.08,454.26,444.95,439.49,436.55,436.07,450.2,456.56,467.49,475.83,489.2,491.336,494.02,459.605,466.18,481.59]	6	false
Wed Jul 21 00:00:00 EDT 2010	"GOOG"	483.6	485.7	475.4301	477.5	32853	[474.02,487.01,488.5,483.19,497.99,501.27,500.08,500.03,488.56,486.25,482.05,475.1,472.68,472.08,454.26,444.95,439.49,436.55,436.07,450.2,456.56,467.49,475.83,489.2,491.336,494.02,459.605,466.18,481.59,477.5]	3	false
Thu Jul 22 00:00:00 EDT 2010	"GOOG"	482.88	488.98	482.48	484.81	21484	[487.01,488.5,483.19,497.99,501.27,500.08,500.03,488.56,486.25,482.05,475.1,472.68,472.08,454.26,444.95,439.49,436.55,436.07,450.2,456.56,467.49,475.83,489.2,491.336,494.02,459.605,466.18,481.59,477.5,484.81]	9	true
Fri Jul 23 00:00:00 EDT 2010	"GOOG"	480.78	490.59	480.01	490.06	22671	[488.5,483.19,497.99,501.27,500.08,500.03,488.56,486.25,482.05,475.1,472.68,472.08,454.26,444.95,439.49,436.55,436.07,450.2,456.56,467.49,475.83,489.2,491.336,494.02,459.605,466.18,481.59,477.5,484.81,490.06]	6	true
Mon Jul 26 00:00:00 EDT 2010	"GOOG"	489.1	490.749	484.88	488.97	19966	[483.19,497.99,501.27,500.08,500.03,488.56,486.25,482.05,475.1,472.68,472.08,454.26,444.95,439.49,436.55,436.07,450.2,456.56,467.49,475.83,489.2,491.336,494.02,459.605,466.18,481.59,477.5,484.81,490.06,488.97]	7	true
Tue Jul 27 00:00:00 EDT 2010	"GOOG"	490.17	497.5	490.17	492.63	24519	[497.99,501.27,500.08,500.03,488.56,486.25,482.05,475.1,472.68,472.08,454.26,444.95,439.49,436.55,436.07,450.2,456.56,467.49,475.83,489.2,491.336,494.02,459.605,466.18,481.59,477.5,484.81,490.06,488.97,492.63]	15	true
Wed Jul 28 00:00:00 EDT 2010	"GOOG"	495.05	495.25	482.67	484.35	25024	[501.27,500.08,500.03,488.56,486.25,482.05,475.1,472.68,472.08,454.26,444.95,439.49,436.55,436.07,450.2,456.56,467.49,475.83,489.2,491.336,494.02,459.605,466.18,481.59,477.5,484.81,490.06,488.97,492.63,484.35]	16	true
Thu Jul 29 00:00:00 EDT 2010	"GOOG"	485.95	488.88	479.33	484.99	26754	[500.08,500.03,488.56,486.25,482.05,475.1,472.68,472.08,454.26,444.95,439.49,436.55,436.07,450.2,456.56,467.49,475.83,489.2,491.336,494.02,459.605,466.18,481.59,477.5,484.81,490.06,488.97,492.63,484.35,484.99]	16	true
Fri Jul 30 00:00:00 EDT 2010	"GOOG"	479.34	487.36	479.14	484.85	21444	[500.03,488.56,486.25,482.05,475.1,472.68,472.08,454.26,444.95,439.49,436.55,436.07,450.2,456.56,467.49,475.83,489.2,491.336,494.02,459.605,466.18,481.59,477.5,484.81,490.06,488.97,492.63,484.35,484.99,484.85]	3	true
Mon Aug 02 00:00:00 EDT 2010	"GOOG"	488.98	493.28	486.94	490.41	18674	[488.56,486.25,482.05,475.1,472.68,472.08,454.26,444.95,439.49,436.55,436.07,450.2,456.56,467.49,475.83,489.2,491.336,494.02,459.605,466.18,481.59,477.5,484.81,490.06,488.97,492.63,484.35,484.99,484.85,490.41]	12	true
Wed Aug 04 00:00:00 EDT 2010	"GOOG"	492.3	507.0	491.05	506.32	38141	[486.25,482.05,475.1,472.68,472.08,454.26,444.95,439.49,436.55,436.07,450.2,456.56,467.49,475.83,489.2,491.336,494.02,459.605,466.18,481.59,477.5,484.81,490.06,488.97,492.63,484.35,484.99,484.85,490.41,506.32]	18	true
Thu Aug 05 00:00:00 EDT 2010	"GOOG"	505.85	508.6	503.559	508.1	24264	[482.05,475.1,472.68,472.08,454.26,444.95,439.49,436.55,436.07,450.2,456.56,467.49,475.83,489.2,491.336,494.02,459.605,466.18,481.59,477.5,484.81,490.06,488.97,492.63,484.35,484.99,484.85,490.41,506.32,508.1]	19	true
Fri Aug 06 00:00:00 EDT 2010	"GOOG"	505.12	505.74	496.05	500.22	33216	[475.1,472.68,472.08,454.26,444.95,439.49,436.55,436.07,450.2,456.56,467.49,475.83,489.2,491.336,494.02,459.605,466.18,481.59,477.5,484.81,490.06,488.97,492.63,484.35,484.99,484.85,490.41,506.32,508.1,500.22]	19	true
Mon Aug 09 00:00:00 EDT 2010	"GOOG"	502.25	505.5	501.3632	505.35	18732	[472.68,472.08,454.26,444.95,439.49,436.55,436.07,450.2,456.56,467.49,475.83,489.2,491.336,494.02,459.605,466.18,481.59,477.5,484.81,490.06,488.97,492.63,484.35,484.99,484.85,490.41,506.32,508.1,500.22,505.35]	0	true
Tue Aug 10 00:00:00 EDT 2010	"GOOG"	501.71	506.0	498.57	503.71	20755	[472.08,454.26,444.95,439.49,436.55,436.07,450.2,456.56,467.49,475.83,489.2,491.336,494.02,459.605,466.18,481.59,477.5,484.81,490.06,488.97,492.63,484.35,484.99,484.85,490.41,506.32,508.1,500.22,505.35,503.71]	10	true
Wed Aug 11 00:00:00 EDT 2010	"GOOG"	497.72	498.0	491.5	491.74	22260	[454.26,444.95,439.49,436.55,436.07,450.2,456.56,467.49,475.83,489.2,491.336,494.02,459.605,466.18,481.59,477.5,484.81,490.06,488.97,492.63,484.35,484.99,484.85,490.41,506.32,508.1,500.22,505.35,503.71,491.74]	5	true
Thu Aug 12 00:00:00 EDT 2010	"GOOG"	483.94	494.75	482.51	492.01	22050	[444.95,439.49,436.55,436.07,450.2,456.56,467.49,475.83,489.2,491.336,494.02,459.605,466.18,481.59,477.5,484.81,490.06,488.97,492.63,484.35,484.99,484.85,490.41,506.32,508.1,500.22,505.35,503.71,491.74,492.01]	7	true
Fri Aug 13 00:00:00 EDT 2010	"GOOG"	488.94	491.19	486.01	486.35	19400	[439.49,436.55,436.07,450.2,456.56,467.49,475.83,489.2,491.336,494.02,459.605,466.18,481.59,477.5,484.81,490.06,488.97,492.63,484.35,484.99,484.85,490.41,506.32,508.1,500.22,505.35,503.71,491.74,492.01,486.35]	12	true
Mon Aug 16 00:00:00 EDT 2010	"GOOG"	483.68	489.87	480.5019	485.59	13066	[436.55,436.07,450.2,456.56,467.49,475.83,489.2,491.336,494.02,459.605,466.18,481.59,477.5,484.81,490.06,488.97,492.63,484.35,484.99,484.85,490.41,506.32,508.1,500.22,505.35,503.71,491.74,492.01,486.35,485.59]	4	true
Tue Aug 17 00:00:00 EDT 2010	"GOOG"	488.37	494.7	486.03	490.52	18906	[436.07,450.2,456.56,467.49,475.83,489.2,491.336,494.02,459.605,466.18,481.59,477.5,484.81,490.06,488.97,492.63,484.35,484.99,484.85,490.41,506.32,508.1,500.22,505.35,503.71,491.74,492.01,486.35,485.59,490.52]	14	true
Thu Aug 19 00:00:00 EDT 2010	"GOOG"	481.41	482.51	467.25	467.97	39255	[450.2,456.56,467.49,475.83,489.2,491.336,494.02,459.605,466.18,481.59,477.5,484.81,490.06,488.97,492.63,484.35,484.99,484.85,490.41,506.32,508.1,500.22,505.35,503.71,491.74,492.01,486.35,485.59,490.52,467.97]	16	false
Fri Aug 20 00:00:00 EDT 2010	"GOOG"	467.26	471.59	461.0201	462.02	39233	[456.56,467.49,475.83,489.2,491.336,494.02,459.605,466.18,481.59,477.5,484.81,490.06,488.97,492.63,484.35,484.99,484.85,490.41,506.32,508.1,500.22,505.35,503.71,491.74,492.01,486.35,485.59,490.52,467.97,462.02]	1	false
